日期,小时,区域,停车场ID,停车场名称,总车位数,入场车次,出场车次,累计在场(近似)
2026-06-01,0,城关区,1,市民中心地下停车场,6,0,0,0
2026-06-01,0,江南区,2,滨江路立体停车楼,4,0,0,0
2026-06-01,0,高新区,3,高新万达路侧停车段,3,0,0,0
2026-06-01,1,城关区,1,市民中心地下停车场,6,0,0,0
2026-06-01,1,江南区,2,滨江路立体停车楼,4,0,0,0
2026-06-01,1,高新区,3,高新万达路侧停车段,3,0,0,0
2026-06-01,2,城关区,1,市民中心地下停车场,6,0,0,0
2026-06-01,2,江南区,2,滨江路立体停车楼,4,0,0,0
2026-06-01,2,高新区,3,高新万达路侧停车段,3,0,0,0
2026-06-01,3,城关区,1,市民中心地下停车场,6,0,0,0
2026-06-01,3,江南区,2,滨江路立体停车楼,4,0,0,0
2026-06-01,3,高新区,3,高新万达路侧停车段,3,0,0,0
2026-06-01,4,城关区,1,市民中心地下停车场,6,0,0,0
2026-06-01,4,江南区,2,滨江路立体停车楼,4,0,0,0
2026-06-01,4,高新区,3,高新万达路侧停车段,3,0,0,0
2026-06-01,5,城关区,1,市民中心地下停车场,6,0,0,0
2026-06-01,5,江南区,2,滨江路立体停车楼,4,0,0,0
2026-06-01,5,高新区,3,高新万达路侧停车段,3,0,0,0
2026-06-01,6,城关区,1,市民中心地下停车场,6,0,0,0
2026-06-01,6,江南区,2,滨江路立体停车楼,4,0,0,0
2026-06-01,6,高新区,3,高新万达路侧停车段,3,0,0,0
2026-06-01,7,城关区,1,市民中心地下停车场,6,0,0,0
2026-06-01,7,江南区,2,滨江路立体停车楼,4,0,0,0
2026-06-01,7,高新区,3,高新万达路侧停车段,3,0,0,0
2026-06-01,8,城关区,1,市民中心地下停车场,6,0,0,0
2026-06-01,8,江南区,2,滨江路立体停车楼,4,0,0,0
2026-06-01,8,高新区,3,高新万达路侧停车段,3,0,0,0
2026-06-01,9,城关区,1,市民中心地下停车场,6,0,0,0
2026-06-01,9,江南区,2,滨江路立体停车楼,4,0,0,0
2026-06-01,9,高新区,3,高新万达路侧停车段,3,0,0,0
2026-06-01,10,城关区,1,市民中心地下停车场,6,0,0,0
2026-06-01,10,江南区,2,滨江路立体停车楼,4,0,0,0
2026-06-01,10,高新区,3,高新万达路侧停车段,3,0,0,0
2026-06-01,11,城关区,1,市民中心地下停车场,6,0,0,0
2026-06-01,11,江南区,2,滨江路立体停车楼,4,0,0,0
2026-06-01,11,高新区,3,高新万达路侧停车段,3,0,0,0
2026-06-01,12,城关区,1,市民中心地下停车场,6,0,0,0
2026-06-01,12,江南区,2,滨江路立体停车楼,4,0,0,0
2026-06-01,12,高新区,3,高新万达路侧停车段,3,0,0,0
2026-06-01,13,城关区,1,市民中心地下停车场,6,0,0,0
2026-06-01,13,江南区,2,滨江路立体停车楼,4,0,0,0
2026-06-01,13,高新区,3,高新万达路侧停车段,3,0,0,0
2026-06-01,14,城关区,1,市民中心地下停车场,6,0,0,0
2026-06-01,14,江南区,2,滨江路立体停车楼,4,0,0,0
2026-06-01,14,高新区,3,高新万达路侧停车段,3,0,0,0
2026-06-01,15,城关区,1,市民中心地下停车场,6,0,0,0
2026-06-01,15,江南区,2,滨江路立体停车楼,4,0,0,0
2026-06-01,15,高新区,3,高新万达路侧停车段,3,0,0,0
2026-06-01,16,城关区,1,市民中心地下停车场,6,0,0,0
2026-06-01,16,江南区,2,滨江路立体停车楼,4,0,0,0
2026-06-01,16,高新区,3,高新万达路侧停车段,3,0,0,0
2026-06-01,17,城关区,1,市民中心地下停车场,6,0,0,0
2026-06-01,17,江南区,2,滨江路立体停车楼,4,0,0,0
2026-06-01,17,高新区,3,高新万达路侧停车段,3,0,0,0
2026-06-01,18,城关区,1,市民中心地下停车场,6,0,0,0
2026-06-01,18,江南区,2,滨江路立体停车楼,4,0,0,0
2026-06-01,18,高新区,3,高新万达路侧停车段,3,0,0,0
2026-06-01,19,城关区,1,市民中心地下停车场,6,0,0,0
2026-06-01,19,江南区,2,滨江路立体停车楼,4,0,0,0
2026-06-01,19,高新区,3,高新万达路侧停车段,3,0,0,0
2026-06-01,20,城关区,1,市民中心地下停车场,6,0,0,0
2026-06-01,20,江南区,2,滨江路立体停车楼,4,0,0,0
2026-06-01,20,高新区,3,高新万达路侧停车段,3,0,0,0
2026-06-01,21,城关区,1,市民中心地下停车场,6,0,0,0
2026-06-01,21,江南区,2,滨江路立体停车楼,4,0,0,0
2026-06-01,21,高新区,3,高新万达路侧停车段,3,0,0,0
2026-06-01,22,城关区,1,市民中心地下停车场,6,0,0,0
2026-06-01,22,江南区,2,滨江路立体停车楼,4,0,0,0
2026-06-01,22,高新区,3,高新万达路侧停车段,3,0,0,0
2026-06-01,23,城关区,1,市民中心地下停车场,6,0,0,0
2026-06-01,23,江南区,2,滨江路立体停车楼,4,0,0,0
2026-06-01,23,高新区,3,高新万达路侧停车段,3,0,0,0
2026-06-02,0,城关区,1,市民中心地下停车场,6,0,0,0
2026-06-02,0,江南区,2,滨江路立体停车楼,4,0,0,0
2026-06-02,0,高新区,3,高新万达路侧停车段,3,0,0,0
2026-06-02,1,城关区,1,市民中心地下停车场,6,0,0,0
2026-06-02,1,江南区,2,滨江路立体停车楼,4,0,0,0
2026-06-02,1,高新区,3,高新万达路侧停车段,3,0,0,0
2026-06-02,2,城关区,1,市民中心地下停车场,6,0,0,0
2026-06-02,2,江南区,2,滨江路立体停车楼,4,0,0,0
2026-06-02,2,高新区,3,高新万达路侧停车段,3,0,0,0
2026-06-02,3,城关区,1,市民中心地下停车场,6,0,0,0
2026-06-02,3,江南区,2,滨江路立体停车楼,4,0,0,0
2026-06-02,3,高新区,3,高新万达路侧停车段,3,0,0,0
2026-06-02,4,城关区,1,市民中心地下停车场,6,0,0,0
2026-06-02,4,江南区,2,滨江路立体停车楼,4,0,0,0
2026-06-02,4,高新区,3,高新万达路侧停车段,3,0,0,0
2026-06-02,5,城关区,1,市民中心地下停车场,6,0,0,0
2026-06-02,5,江南区,2,滨江路立体停车楼,4,0,0,0
2026-06-02,5,高新区,3,高新万达路侧停车段,3,0,0,0
2026-06-02,6,城关区,1,市民中心地下停车场,6,0,0,0
2026-06-02,6,江南区,2,滨江路立体停车楼,4,0,0,0
2026-06-02,6,高新区,3,高新万达路侧停车段,3,0,0,0
2026-06-02,7,城关区,1,市民中心地下停车场,6,0,0,0
2026-06-02,7,江南区,2,滨江路立体停车楼,4,0,0,0
2026-06-02,7,高新区,3,高新万达路侧停车段,3,0,0,0
2026-06-02,8,城关区,1,市民中心地下停车场,6,0,0,0
2026-06-02,8,江南区,2,滨江路立体停车楼,4,0,0,0
2026-06-02,8,高新区,3,高新万达路侧停车段,3,0,0,0
2026-06-02,9,城关区,1,市民中心地下停车场,6,0,0,0
2026-06-02,9,江南区,2,滨江路立体停车楼,4,0,0,0
2026-06-02,9,高新区,3,高新万达路侧停车段,3,0,0,0
2026-06-02,10,城关区,1,市民中心地下停车场,6,0,0,0
2026-06-02,10,江南区,2,滨江路立体停车楼,4,0,0,0
2026-06-02,10,高新区,3,高新万达路侧停车段,3,0,0,0
2026-06-02,11,城关区,1,市民中心地下停车场,6,0,0,0
2026-06-02,11,江南区,2,滨江路立体停车楼,4,0,0,0
2026-06-02,11,高新区,3,高新万达路侧停车段,3,0,0,0
2026-06-02,12,城关区,1,市民中心地下停车场,6,0,0,0
2026-06-02,12,江南区,2,滨江路立体停车楼,4,0,0,0
2026-06-02,12,高新区,3,高新万达路侧停车段,3,0,0,0
2026-06-02,13,城关区,1,市民中心地下停车场,6,0,0,0
2026-06-02,13,江南区,2,滨江路立体停车楼,4,0,0,0
2026-06-02,13,高新区,3,高新万达路侧停车段,3,0,0,0
2026-06-02,14,城关区,1,市民中心地下停车场,6,0,0,0
2026-06-02,14,江南区,2,滨江路立体停车楼,4,0,0,0
2026-06-02,14,高新区,3,高新万达路侧停车段,3,0,0,0
2026-06-02,15,城关区,1,市民中心地下停车场,6,0,0,0
2026-06-02,15,江南区,2,滨江路立体停车楼,4,0,0,0
2026-06-02,15,高新区,3,高新万达路侧停车段,3,0,0,0
2026-06-02,16,城关区,1,市民中心地下停车场,6,0,0,0
2026-06-02,16,江南区,2,滨江路立体停车楼,4,0,0,0
2026-06-02,16,高新区,3,高新万达路侧停车段,3,0,0,0
2026-06-02,17,城关区,1,市民中心地下停车场,6,0,0,0
2026-06-02,17,江南区,2,滨江路立体停车楼,4,0,0,0
2026-06-02,17,高新区,3,高新万达路侧停车段,3,0,0,0
2026-06-02,18,城关区,1,市民中心地下停车场,6,0,0,0
2026-06-02,18,江南区,2,滨江路立体停车楼,4,0,0,0
2026-06-02,18,高新区,3,高新万达路侧停车段,3,0,0,0
2026-06-02,19,城关区,1,市民中心地下停车场,6,0,0,0
2026-06-02,19,江南区,2,滨江路立体停车楼,4,0,0,0
2026-06-02,19,高新区,3,高新万达路侧停车段,3,0,0,0
2026-06-02,20,城关区,1,市民中心地下停车场,6,0,0,0
2026-06-02,20,江南区,2,滨江路立体停车楼,4,0,0,0
2026-06-02,20,高新区,3,高新万达路侧停车段,3,0,0,0
2026-06-02,21,城关区,1,市民中心地下停车场,6,0,0,0
2026-06-02,21,江南区,2,滨江路立体停车楼,4,0,0,0
2026-06-02,21,高新区,3,高新万达路侧停车段,3,0,0,0
2026-06-02,22,城关区,1,市民中心地下停车场,6,0,0,0
2026-06-02,22,江南区,2,滨江路立体停车楼,4,0,0,0
2026-06-02,22,高新区,3,高新万达路侧停车段,3,0,0,0
2026-06-02,23,城关区,1,市民中心地下停车场,6,0,0,0
2026-06-02,23,江南区,2,滨江路立体停车楼,4,0,0,0
2026-06-02,23,高新区,3,高新万达路侧停车段,3,0,0,0
2026-06-03,0,城关区,1,市民中心地下停车场,6,0,0,0
2026-06-03,0,江南区,2,滨江路立体停车楼,4,0,0,0
2026-06-03,0,高新区,3,高新万达路侧停车段,3,0,0,0
2026-06-03,1,城关区,1,市民中心地下停车场,6,0,0,0
2026-06-03,1,江南区,2,滨江路立体停车楼,4,0,0,0
2026-06-03,1,高新区,3,高新万达路侧停车段,3,0,0,0
2026-06-03,2,城关区,1,市民中心地下停车场,6,0,0,0
2026-06-03,2,江南区,2,滨江路立体停车楼,4,0,0,0
2026-06-03,2,高新区,3,高新万达路侧停车段,3,0,0,0
2026-06-03,3,城关区,1,市民中心地下停车场,6,0,0,0
2026-06-03,3,江南区,2,滨江路立体停车楼,4,0,0,0
2026-06-03,3,高新区,3,高新万达路侧停车段,3,0,0,0
2026-06-03,4,城关区,1,市民中心地下停车场,6,0,0,0
2026-06-03,4,江南区,2,滨江路立体停车楼,4,0,0,0
2026-06-03,4,高新区,3,高新万达路侧停车段,3,0,0,0
2026-06-03,5,城关区,1,市民中心地下停车场,6,0,0,0
2026-06-03,5,江南区,2,滨江路立体停车楼,4,0,0,0
2026-06-03,5,高新区,3,高新万达路侧停车段,3,0,0,0
2026-06-03,6,城关区,1,市民中心地下停车场,6,0,0,0
2026-06-03,6,江南区,2,滨江路立体停车楼,4,0,0,0
2026-06-03,6,高新区,3,高新万达路侧停车段,3,0,0,0
2026-06-03,7,城关区,1,市民中心地下停车场,6,0,0,0
2026-06-03,7,江南区,2,滨江路立体停车楼,4,0,0,0
2026-06-03,7,高新区,3,高新万达路侧停车段,3,0,0,0
2026-06-03,8,城关区,1,市民中心地下停车场,6,0,0,0
2026-06-03,8,江南区,2,滨江路立体停车楼,4,0,0,0
2026-06-03,8,高新区,3,高新万达路侧停车段,3,0,0,0
2026-06-03,9,城关区,1,市民中心地下停车场,6,0,0,0
2026-06-03,9,江南区,2,滨江路立体停车楼,4,0,0,0
2026-06-03,9,高新区,3,高新万达路侧停车段,3,0,0,0
2026-06-03,10,城关区,1,市民中心地下停车场,6,0,0,0
2026-06-03,10,江南区,2,滨江路立体停车楼,4,0,0,0
2026-06-03,10,高新区,3,高新万达路侧停车段,3,0,0,0
2026-06-03,11,城关区,1,市民中心地下停车场,6,0,0,0
2026-06-03,11,江南区,2,滨江路立体停车楼,4,0,0,0
2026-06-03,11,高新区,3,高新万达路侧停车段,3,0,0,0
2026-06-03,12,城关区,1,市民中心地下停车场,6,0,0,0
2026-06-03,12,江南区,2,滨江路立体停车楼,4,0,0,0
2026-06-03,12,高新区,3,高新万达路侧停车段,3,0,0,0
2026-06-03,13,城关区,1,市民中心地下停车场,6,0,0,0
2026-06-03,13,江南区,2,滨江路立体停车楼,4,0,0,0
2026-06-03,13,高新区,3,高新万达路侧停车段,3,0,0,0
2026-06-03,14,城关区,1,市民中心地下停车场,6,0,0,0
2026-06-03,14,江南区,2,滨江路立体停车楼,4,0,0,0
2026-06-03,14,高新区,3,高新万达路侧停车段,3,0,0,0
2026-06-03,15,城关区,1,市民中心地下停车场,6,0,0,0
2026-06-03,15,江南区,2,滨江路立体停车楼,4,0,0,0
2026-06-03,15,高新区,3,高新万达路侧停车段,3,0,0,0
2026-06-03,16,城关区,1,市民中心地下停车场,6,0,0,0
2026-06-03,16,江南区,2,滨江路立体停车楼,4,0,0,0
2026-06-03,16,高新区,3,高新万达路侧停车段,3,0,0,0
2026-06-03,17,城关区,1,市民中心地下停车场,6,0,0,0
2026-06-03,17,江南区,2,滨江路立体停车楼,4,0,0,0
2026-06-03,17,高新区,3,高新万达路侧停车段,3,0,0,0
2026-06-03,18,城关区,1,市民中心地下停车场,6,0,0,0
2026-06-03,18,江南区,2,滨江路立体停车楼,4,0,0,0
2026-06-03,18,高新区,3,高新万达路侧停车段,3,0,0,0
2026-06-03,19,城关区,1,市民中心地下停车场,6,0,0,0
2026-06-03,19,江南区,2,滨江路立体停车楼,4,0,0,0
2026-06-03,19,高新区,3,高新万达路侧停车段,3,0,0,0
2026-06-03,20,城关区,1,市民中心地下停车场,6,0,0,0
2026-06-03,20,江南区,2,滨江路立体停车楼,4,0,0,0
2026-06-03,20,高新区,3,高新万达路侧停车段,3,0,0,0
2026-06-03,21,城关区,1,市民中心地下停车场,6,0,0,0
2026-06-03,21,江南区,2,滨江路立体停车楼,4,0,0,0
2026-06-03,21,高新区,3,高新万达路侧停车段,3,0,0,0
2026-06-03,22,城关区,1,市民中心地下停车场,6,0,0,0
2026-06-03,22,江南区,2,滨江路立体停车楼,4,0,0,0
2026-06-03,22,高新区,3,高新万达路侧停车段,3,0,0,0
2026-06-03,23,城关区,1,市民中心地下停车场,6,0,0,0
2026-06-03,23,江南区,2,滨江路立体停车楼,4,0,0,0
2026-06-03,23,高新区,3,高新万达路侧停车段,3,0,0,0
2026-06-04,0,城关区,1,市民中心地下停车场,6,0,0,0
2026-06-04,0,江南区,2,滨江路立体停车楼,4,0,0,0
2026-06-04,0,高新区,3,高新万达路侧停车段,3,0,0,0
2026-06-04,1,城关区,1,市民中心地下停车场,6,0,0,0
2026-06-04,1,江南区,2,滨江路立体停车楼,4,0,0,0
2026-06-04,1,高新区,3,高新万达路侧停车段,3,0,0,0
2026-06-04,2,城关区,1,市民中心地下停车场,6,0,0,0
2026-06-04,2,江南区,2,滨江路立体停车楼,4,0,0,0
2026-06-04,2,高新区,3,高新万达路侧停车段,3,0,0,0
2026-06-04,3,城关区,1,市民中心地下停车场,6,0,0,0
2026-06-04,3,江南区,2,滨江路立体停车楼,4,0,0,0
2026-06-04,3,高新区,3,高新万达路侧停车段,3,0,0,0
2026-06-04,4,城关区,1,市民中心地下停车场,6,0,0,0
2026-06-04,4,江南区,2,滨江路立体停车楼,4,0,0,0
2026-06-04,4,高新区,3,高新万达路侧停车段,3,0,0,0
2026-06-04,5,城关区,1,市民中心地下停车场,6,0,0,0
2026-06-04,5,江南区,2,滨江路立体停车楼,4,0,0,0
2026-06-04,5,高新区,3,高新万达路侧停车段,3,0,0,0
2026-06-04,6,城关区,1,市民中心地下停车场,6,0,0,0
2026-06-04,6,江南区,2,滨江路立体停车楼,4,0,0,0
2026-06-04,6,高新区,3,高新万达路侧停车段,3,0,0,0
2026-06-04,7,城关区,1,市民中心地下停车场,6,0,0,0
2026-06-04,7,江南区,2,滨江路立体停车楼,4,0,0,0
2026-06-04,7,高新区,3,高新万达路侧停车段,3,0,0,0
2026-06-04,8,城关区,1,市民中心地下停车场,6,0,0,0
2026-06-04,8,江南区,2,滨江路立体停车楼,4,0,0,0
2026-06-04,8,高新区,3,高新万达路侧停车段,3,0,0,0
2026-06-04,9,城关区,1,市民中心地下停车场,6,0,0,0
2026-06-04,9,江南区,2,滨江路立体停车楼,4,0,0,0
2026-06-04,9,高新区,3,高新万达路侧停车段,3,0,0,0
2026-06-04,10,城关区,1,市民中心地下停车场,6,0,0,0
2026-06-04,10,江南区,2,滨江路立体停车楼,4,0,0,0
2026-06-04,10,高新区,3,高新万达路侧停车段,3,0,0,0
2026-06-04,11,城关区,1,市民中心地下停车场,6,0,0,0
2026-06-04,11,江南区,2,滨江路立体停车楼,4,0,0,0
2026-06-04,11,高新区,3,高新万达路侧停车段,3,0,0,0
2026-06-04,12,城关区,1,市民中心地下停车场,6,0,0,0
2026-06-04,12,江南区,2,滨江路立体停车楼,4,0,0,0
2026-06-04,12,高新区,3,高新万达路侧停车段,3,0,0,0
2026-06-04,13,城关区,1,市民中心地下停车场,6,0,0,0
2026-06-04,13,江南区,2,滨江路立体停车楼,4,0,0,0
2026-06-04,13,高新区,3,高新万达路侧停车段,3,0,0,0
2026-06-04,14,城关区,1,市民中心地下停车场,6,0,0,0
2026-06-04,14,江南区,2,滨江路立体停车楼,4,0,0,0
2026-06-04,14,高新区,3,高新万达路侧停车段,3,0,0,0
2026-06-04,15,城关区,1,市民中心地下停车场,6,0,0,0
2026-06-04,15,江南区,2,滨江路立体停车楼,4,0,0,0
2026-06-04,15,高新区,3,高新万达路侧停车段,3,0,0,0
2026-06-04,16,城关区,1,市民中心地下停车场,6,0,0,0
2026-06-04,16,江南区,2,滨江路立体停车楼,4,0,0,0
2026-06-04,16,高新区,3,高新万达路侧停车段,3,0,0,0
2026-06-04,17,城关区,1,市民中心地下停车场,6,0,0,0
2026-06-04,17,江南区,2,滨江路立体停车楼,4,0,0,0
2026-06-04,17,高新区,3,高新万达路侧停车段,3,0,0,0
2026-06-04,18,城关区,1,市民中心地下停车场,6,0,0,0
2026-06-04,18,江南区,2,滨江路立体停车楼,4,0,0,0
2026-06-04,18,高新区,3,高新万达路侧停车段,3,0,0,0
2026-06-04,19,城关区,1,市民中心地下停车场,6,0,0,0
2026-06-04,19,江南区,2,滨江路立体停车楼,4,0,0,0
2026-06-04,19,高新区,3,高新万达路侧停车段,3,0,0,0
2026-06-04,20,城关区,1,市民中心地下停车场,6,0,0,0
2026-06-04,20,江南区,2,滨江路立体停车楼,4,0,0,0
2026-06-04,20,高新区,3,高新万达路侧停车段,3,0,0,0
2026-06-04,21,城关区,1,市民中心地下停车场,6,0,0,0
2026-06-04,21,江南区,2,滨江路立体停车楼,4,0,0,0
2026-06-04,21,高新区,3,高新万达路侧停车段,3,0,0,0
2026-06-04,22,城关区,1,市民中心地下停车场,6,0,0,0
2026-06-04,22,江南区,2,滨江路立体停车楼,4,0,0,0
2026-06-04,22,高新区,3,高新万达路侧停车段,3,0,0,0
2026-06-04,23,城关区,1,市民中心地下停车场,6,0,0,0
2026-06-04,23,江南区,2,滨江路立体停车楼,4,0,0,0
2026-06-04,23,高新区,3,高新万达路侧停车段,3,0,0,0
2026-06-05,0,城关区,1,市民中心地下停车场,6,0,0,0
2026-06-05,0,江南区,2,滨江路立体停车楼,4,0,0,0
2026-06-05,0,高新区,3,高新万达路侧停车段,3,0,0,0
2026-06-05,1,城关区,1,市民中心地下停车场,6,0,0,0
2026-06-05,1,江南区,2,滨江路立体停车楼,4,0,0,0
2026-06-05,1,高新区,3,高新万达路侧停车段,3,0,0,0
2026-06-05,2,城关区,1,市民中心地下停车场,6,0,0,0
2026-06-05,2,江南区,2,滨江路立体停车楼,4,0,0,0
2026-06-05,2,高新区,3,高新万达路侧停车段,3,0,0,0
2026-06-05,3,城关区,1,市民中心地下停车场,6,0,0,0
2026-06-05,3,江南区,2,滨江路立体停车楼,4,0,0,0
2026-06-05,3,高新区,3,高新万达路侧停车段,3,0,0,0
2026-06-05,4,城关区,1,市民中心地下停车场,6,0,0,0
2026-06-05,4,江南区,2,滨江路立体停车楼,4,0,0,0
2026-06-05,4,高新区,3,高新万达路侧停车段,3,0,0,0
2026-06-05,5,城关区,1,市民中心地下停车场,6,0,0,0
2026-06-05,5,江南区,2,滨江路立体停车楼,4,0,0,0
2026-06-05,5,高新区,3,高新万达路侧停车段,3,0,0,0
2026-06-05,6,城关区,1,市民中心地下停车场,6,0,0,0
2026-06-05,6,江南区,2,滨江路立体停车楼,4,0,0,0
2026-06-05,6,高新区,3,高新万达路侧停车段,3,0,0,0
2026-06-05,7,城关区,1,市民中心地下停车场,6,0,0,0
2026-06-05,7,江南区,2,滨江路立体停车楼,4,0,0,0
2026-06-05,7,高新区,3,高新万达路侧停车段,3,0,0,0
2026-06-05,8,城关区,1,市民中心地下停车场,6,0,0,0
2026-06-05,8,江南区,2,滨江路立体停车楼,4,0,0,0
2026-06-05,8,高新区,3,高新万达路侧停车段,3,0,0,0
2026-06-05,9,城关区,1,市民中心地下停车场,6,0,0,0
2026-06-05,9,江南区,2,滨江路立体停车楼,4,0,0,0
2026-06-05,9,高新区,3,高新万达路侧停车段,3,0,0,0
2026-06-05,10,城关区,1,市民中心地下停车场,6,0,0,0
2026-06-05,10,江南区,2,滨江路立体停车楼,4,0,0,0
2026-06-05,10,高新区,3,高新万达路侧停车段,3,0,0,0
2026-06-05,11,城关区,1,市民中心地下停车场,6,0,0,0
2026-06-05,11,江南区,2,滨江路立体停车楼,4,0,0,0
2026-06-05,11,高新区,3,高新万达路侧停车段,3,0,0,0
2026-06-05,12,城关区,1,市民中心地下停车场,6,0,0,0
2026-06-05,12,江南区,2,滨江路立体停车楼,4,0,0,0
2026-06-05,12,高新区,3,高新万达路侧停车段,3,0,0,0
2026-06-05,13,城关区,1,市民中心地下停车场,6,0,0,0
2026-06-05,13,江南区,2,滨江路立体停车楼,4,0,0,0
2026-06-05,13,高新区,3,高新万达路侧停车段,3,0,0,0
2026-06-05,14,城关区,1,市民中心地下停车场,6,0,0,0
2026-06-05,14,江南区,2,滨江路立体停车楼,4,0,0,0
2026-06-05,14,高新区,3,高新万达路侧停车段,3,0,0,0
2026-06-05,15,城关区,1,市民中心地下停车场,6,0,0,0
2026-06-05,15,江南区,2,滨江路立体停车楼,4,0,0,0
2026-06-05,15,高新区,3,高新万达路侧停车段,3,0,0,0
2026-06-05,16,城关区,1,市民中心地下停车场,6,0,0,0
2026-06-05,16,江南区,2,滨江路立体停车楼,4,0,0,0
2026-06-05,16,高新区,3,高新万达路侧停车段,3,0,0,0
2026-06-05,17,城关区,1,市民中心地下停车场,6,0,0,0
2026-06-05,17,江南区,2,滨江路立体停车楼,4,0,0,0
2026-06-05,17,高新区,3,高新万达路侧停车段,3,0,0,0
2026-06-05,18,城关区,1,市民中心地下停车场,6,0,0,0
2026-06-05,18,江南区,2,滨江路立体停车楼,4,0,0,0
2026-06-05,18,高新区,3,高新万达路侧停车段,3,0,0,0
2026-06-05,19,城关区,1,市民中心地下停车场,6,0,0,0
2026-06-05,19,江南区,2,滨江路立体停车楼,4,0,0,0
2026-06-05,19,高新区,3,高新万达路侧停车段,3,0,0,0
2026-06-05,20,城关区,1,市民中心地下停车场,6,0,0,0
2026-06-05,20,江南区,2,滨江路立体停车楼,4,0,0,0
2026-06-05,20,高新区,3,高新万达路侧停车段,3,0,0,0
2026-06-05,21,城关区,1,市民中心地下停车场,6,0,0,0
2026-06-05,21,江南区,2,滨江路立体停车楼,4,0,0,0
2026-06-05,21,高新区,3,高新万达路侧停车段,3,0,0,0
2026-06-05,22,城关区,1,市民中心地下停车场,6,0,0,0
2026-06-05,22,江南区,2,滨江路立体停车楼,4,0,0,0
2026-06-05,22,高新区,3,高新万达路侧停车段,3,0,0,0
2026-06-05,23,城关区,1,市民中心地下停车场,6,0,0,0
2026-06-05,23,江南区,2,滨江路立体停车楼,4,0,0,0
2026-06-05,23,高新区,3,高新万达路侧停车段,3,0,0,0
2026-06-06,0,城关区,1,市民中心地下停车场,6,0,0,0
2026-06-06,0,江南区,2,滨江路立体停车楼,4,0,0,0
2026-06-06,0,高新区,3,高新万达路侧停车段,3,0,0,0
2026-06-06,1,城关区,1,市民中心地下停车场,6,0,0,0
2026-06-06,1,江南区,2,滨江路立体停车楼,4,0,0,0
2026-06-06,1,高新区,3,高新万达路侧停车段,3,0,0,0
2026-06-06,2,城关区,1,市民中心地下停车场,6,0,0,0
2026-06-06,2,江南区,2,滨江路立体停车楼,4,0,0,0
2026-06-06,2,高新区,3,高新万达路侧停车段,3,0,0,0
2026-06-06,3,城关区,1,市民中心地下停车场,6,0,0,0
2026-06-06,3,江南区,2,滨江路立体停车楼,4,0,0,0
2026-06-06,3,高新区,3,高新万达路侧停车段,3,0,0,0
2026-06-06,4,城关区,1,市民中心地下停车场,6,0,0,0
2026-06-06,4,江南区,2,滨江路立体停车楼,4,0,0,0
2026-06-06,4,高新区,3,高新万达路侧停车段,3,0,0,0
2026-06-06,5,城关区,1,市民中心地下停车场,6,0,0,0
2026-06-06,5,江南区,2,滨江路立体停车楼,4,0,0,0
2026-06-06,5,高新区,3,高新万达路侧停车段,3,0,0,0
2026-06-06,6,城关区,1,市民中心地下停车场,6,0,0,0
2026-06-06,6,江南区,2,滨江路立体停车楼,4,0,0,0
2026-06-06,6,高新区,3,高新万达路侧停车段,3,0,0,0
2026-06-06,7,城关区,1,市民中心地下停车场,6,0,0,0
2026-06-06,7,江南区,2,滨江路立体停车楼,4,0,0,0
2026-06-06,7,高新区,3,高新万达路侧停车段,3,0,0,0
2026-06-06,8,城关区,1,市民中心地下停车场,6,0,0,0
2026-06-06,8,江南区,2,滨江路立体停车楼,4,0,0,0
2026-06-06,8,高新区,3,高新万达路侧停车段,3,0,0,0
2026-06-06,9,城关区,1,市民中心地下停车场,6,0,0,0
2026-06-06,9,江南区,2,滨江路立体停车楼,4,0,0,0
2026-06-06,9,高新区,3,高新万达路侧停车段,3,0,0,0
2026-06-06,10,城关区,1,市民中心地下停车场,6,0,0,0
2026-06-06,10,江南区,2,滨江路立体停车楼,4,0,0,0
2026-06-06,10,高新区,3,高新万达路侧停车段,3,0,0,0
2026-06-06,11,城关区,1,市民中心地下停车场,6,0,0,0
2026-06-06,11,江南区,2,滨江路立体停车楼,4,0,0,0
2026-06-06,11,高新区,3,高新万达路侧停车段,3,0,0,0
2026-06-06,12,城关区,1,市民中心地下停车场,6,0,0,0
2026-06-06,12,江南区,2,滨江路立体停车楼,4,0,0,0
2026-06-06,12,高新区,3,高新万达路侧停车段,3,0,0,0
2026-06-06,13,城关区,1,市民中心地下停车场,6,0,0,0
2026-06-06,13,江南区,2,滨江路立体停车楼,4,0,0,0
2026-06-06,13,高新区,3,高新万达路侧停车段,3,0,0,0
2026-06-06,14,城关区,1,市民中心地下停车场,6,0,0,0
2026-06-06,14,江南区,2,滨江路立体停车楼,4,0,0,0
2026-06-06,14,高新区,3,高新万达路侧停车段,3,0,0,0
2026-06-06,15,城关区,1,市民中心地下停车场,6,0,0,0
2026-06-06,15,江南区,2,滨江路立体停车楼,4,0,0,0
2026-06-06,15,高新区,3,高新万达路侧停车段,3,0,0,0
2026-06-06,16,城关区,1,市民中心地下停车场,6,0,0,0
2026-06-06,16,江南区,2,滨江路立体停车楼,4,0,0,0
2026-06-06,16,高新区,3,高新万达路侧停车段,3,0,0,0
2026-06-06,17,城关区,1,市民中心地下停车场,6,0,0,0
2026-06-06,17,江南区,2,滨江路立体停车楼,4,0,0,0
2026-06-06,17,高新区,3,高新万达路侧停车段,3,0,0,0
2026-06-06,18,城关区,1,市民中心地下停车场,6,0,0,0
2026-06-06,18,江南区,2,滨江路立体停车楼,4,0,0,0
2026-06-06,18,高新区,3,高新万达路侧停车段,3,0,0,0
2026-06-06,19,城关区,1,市民中心地下停车场,6,0,0,0
2026-06-06,19,江南区,2,滨江路立体停车楼,4,0,0,0
2026-06-06,19,高新区,3,高新万达路侧停车段,3,0,0,0
2026-06-06,20,城关区,1,市民中心地下停车场,6,0,0,0
2026-06-06,20,江南区,2,滨江路立体停车楼,4,0,0,0
2026-06-06,20,高新区,3,高新万达路侧停车段,3,0,0,0
2026-06-06,21,城关区,1,市民中心地下停车场,6,0,0,0
2026-06-06,21,江南区,2,滨江路立体停车楼,4,0,0,0
2026-06-06,21,高新区,3,高新万达路侧停车段,3,0,0,0
2026-06-06,22,城关区,1,市民中心地下停车场,6,0,0,0
2026-06-06,22,江南区,2,滨江路立体停车楼,4,0,0,0
2026-06-06,22,高新区,3,高新万达路侧停车段,3,0,0,0
2026-06-06,23,城关区,1,市民中心地下停车场,6,0,0,0
2026-06-06,23,江南区,2,滨江路立体停车楼,4,0,0,0
2026-06-06,23,高新区,3,高新万达路侧停车段,3,0,0,0
2026-06-07,0,城关区,1,市民中心地下停车场,6,0,0,0
2026-06-07,0,江南区,2,滨江路立体停车楼,4,0,0,0
2026-06-07,0,高新区,3,高新万达路侧停车段,3,0,0,0
2026-06-07,1,城关区,1,市民中心地下停车场,6,0,0,0
2026-06-07,1,江南区,2,滨江路立体停车楼,4,0,0,0
2026-06-07,1,高新区,3,高新万达路侧停车段,3,0,0,0
2026-06-07,2,城关区,1,市民中心地下停车场,6,0,0,0
2026-06-07,2,江南区,2,滨江路立体停车楼,4,0,0,0
2026-06-07,2,高新区,3,高新万达路侧停车段,3,0,0,0
2026-06-07,3,城关区,1,市民中心地下停车场,6,0,0,0
2026-06-07,3,江南区,2,滨江路立体停车楼,4,0,0,0
2026-06-07,3,高新区,3,高新万达路侧停车段,3,0,0,0
2026-06-07,4,城关区,1,市民中心地下停车场,6,0,0,0
2026-06-07,4,江南区,2,滨江路立体停车楼,4,0,0,0
2026-06-07,4,高新区,3,高新万达路侧停车段,3,0,0,0
2026-06-07,5,城关区,1,市民中心地下停车场,6,0,0,0
2026-06-07,5,江南区,2,滨江路立体停车楼,4,0,0,0
2026-06-07,5,高新区,3,高新万达路侧停车段,3,0,0,0
2026-06-07,6,城关区,1,市民中心地下停车场,6,0,0,0
2026-06-07,6,江南区,2,滨江路立体停车楼,4,0,0,0
2026-06-07,6,高新区,3,高新万达路侧停车段,3,0,0,0
2026-06-07,7,城关区,1,市民中心地下停车场,6,0,0,0
2026-06-07,7,江南区,2,滨江路立体停车楼,4,0,0,0
2026-06-07,7,高新区,3,高新万达路侧停车段,3,0,0,0
2026-06-07,8,城关区,1,市民中心地下停车场,6,0,0,0
2026-06-07,8,江南区,2,滨江路立体停车楼,4,0,0,0
2026-06-07,8,高新区,3,高新万达路侧停车段,3,0,0,0
2026-06-07,9,城关区,1,市民中心地下停车场,6,0,0,0
2026-06-07,9,江南区,2,滨江路立体停车楼,4,0,0,0
2026-06-07,9,高新区,3,高新万达路侧停车段,3,0,0,0
2026-06-07,10,城关区,1,市民中心地下停车场,6,0,0,0
2026-06-07,10,江南区,2,滨江路立体停车楼,4,0,0,0
2026-06-07,10,高新区,3,高新万达路侧停车段,3,0,0,0
2026-06-07,11,城关区,1,市民中心地下停车场,6,0,0,0
2026-06-07,11,江南区,2,滨江路立体停车楼,4,0,0,0
2026-06-07,11,高新区,3,高新万达路侧停车段,3,0,0,0
2026-06-07,12,城关区,1,市民中心地下停车场,6,0,0,0
2026-06-07,12,江南区,2,滨江路立体停车楼,4,0,0,0
2026-06-07,12,高新区,3,高新万达路侧停车段,3,0,0,0
2026-06-07,13,城关区,1,市民中心地下停车场,6,0,0,0
2026-06-07,13,江南区,2,滨江路立体停车楼,4,0,0,0
2026-06-07,13,高新区,3,高新万达路侧停车段,3,0,0,0
2026-06-07,14,城关区,1,市民中心地下停车场,6,0,0,0
2026-06-07,14,江南区,2,滨江路立体停车楼,4,0,0,0
2026-06-07,14,高新区,3,高新万达路侧停车段,3,0,0,0
2026-06-07,15,城关区,1,市民中心地下停车场,6,0,0,0
2026-06-07,15,江南区,2,滨江路立体停车楼,4,0,0,0
2026-06-07,15,高新区,3,高新万达路侧停车段,3,0,0,0
2026-06-07,16,城关区,1,市民中心地下停车场,6,0,0,0
2026-06-07,16,江南区,2,滨江路立体停车楼,4,0,0,0
2026-06-07,16,高新区,3,高新万达路侧停车段,3,0,0,0
2026-06-07,17,城关区,1,市民中心地下停车场,6,0,0,0
2026-06-07,17,江南区,2,滨江路立体停车楼,4,0,0,0
2026-06-07,17,高新区,3,高新万达路侧停车段,3,0,0,0
2026-06-07,18,城关区,1,市民中心地下停车场,6,0,0,0
2026-06-07,18,江南区,2,滨江路立体停车楼,4,0,0,0
2026-06-07,18,高新区,3,高新万达路侧停车段,3,0,0,0
2026-06-07,19,城关区,1,市民中心地下停车场,6,0,0,0
2026-06-07,19,江南区,2,滨江路立体停车楼,4,0,0,0
2026-06-07,19,高新区,3,高新万达路侧停车段,3,0,0,0
2026-06-07,20,城关区,1,市民中心地下停车场,6,0,0,0
2026-06-07,20,江南区,2,滨江路立体停车楼,4,0,0,0
2026-06-07,20,高新区,3,高新万达路侧停车段,3,0,0,0
2026-06-07,21,城关区,1,市民中心地下停车场,6,0,0,0
2026-06-07,21,江南区,2,滨江路立体停车楼,4,0,0,0
2026-06-07,21,高新区,3,高新万达路侧停车段,3,0,0,0
2026-06-07,22,城关区,1,市民中心地下停车场,6,0,0,0
2026-06-07,22,江南区,2,滨江路立体停车楼,4,0,0,0
2026-06-07,22,高新区,3,高新万达路侧停车段,3,0,0,0
2026-06-07,23,城关区,1,市民中心地下停车场,6,0,0,0
2026-06-07,23,江南区,2,滨江路立体停车楼,4,0,0,0
2026-06-07,23,高新区,3,高新万达路侧停车段,3,0,0,0
2026-06-08,0,城关区,1,市民中心地下停车场,6,0,0,0
2026-06-08,0,江南区,2,滨江路立体停车楼,4,0,0,0
2026-06-08,0,高新区,3,高新万达路侧停车段,3,0,0,0
2026-06-08,1,城关区,1,市民中心地下停车场,6,0,0,0
2026-06-08,1,江南区,2,滨江路立体停车楼,4,0,0,0
2026-06-08,1,高新区,3,高新万达路侧停车段,3,0,0,0
2026-06-08,2,城关区,1,市民中心地下停车场,6,0,0,0
2026-06-08,2,江南区,2,滨江路立体停车楼,4,0,0,0
2026-06-08,2,高新区,3,高新万达路侧停车段,3,0,0,0
2026-06-08,3,城关区,1,市民中心地下停车场,6,0,0,0
2026-06-08,3,江南区,2,滨江路立体停车楼,4,0,0,0
2026-06-08,3,高新区,3,高新万达路侧停车段,3,0,0,0
2026-06-08,4,城关区,1,市民中心地下停车场,6,0,0,0
2026-06-08,4,江南区,2,滨江路立体停车楼,4,0,0,0
2026-06-08,4,高新区,3,高新万达路侧停车段,3,0,0,0
2026-06-08,5,城关区,1,市民中心地下停车场,6,0,0,0
2026-06-08,5,江南区,2,滨江路立体停车楼,4,0,0,0
2026-06-08,5,高新区,3,高新万达路侧停车段,3,0,0,0
2026-06-08,6,城关区,1,市民中心地下停车场,6,0,0,0
2026-06-08,6,江南区,2,滨江路立体停车楼,4,0,0,0
2026-06-08,6,高新区,3,高新万达路侧停车段,3,0,0,0
2026-06-08,7,城关区,1,市民中心地下停车场,6,0,0,0
2026-06-08,7,江南区,2,滨江路立体停车楼,4,0,0,0
2026-06-08,7,高新区,3,高新万达路侧停车段,3,0,0,0
2026-06-08,8,城关区,1,市民中心地下停车场,6,0,0,0
2026-06-08,8,江南区,2,滨江路立体停车楼,4,0,0,0
2026-06-08,8,高新区,3,高新万达路侧停车段,3,0,0,0
2026-06-08,9,城关区,1,市民中心地下停车场,6,0,0,0
2026-06-08,9,江南区,2,滨江路立体停车楼,4,0,0,0
2026-06-08,9,高新区,3,高新万达路侧停车段,3,0,0,0
2026-06-08,10,城关区,1,市民中心地下停车场,6,0,0,0
2026-06-08,10,江南区,2,滨江路立体停车楼,4,0,0,0
2026-06-08,10,高新区,3,高新万达路侧停车段,3,0,0,0
2026-06-08,11,城关区,1,市民中心地下停车场,6,0,0,0
2026-06-08,11,江南区,2,滨江路立体停车楼,4,0,0,0
2026-06-08,11,高新区,3,高新万达路侧停车段,3,0,0,0
2026-06-08,12,城关区,1,市民中心地下停车场,6,0,0,0
2026-06-08,12,江南区,2,滨江路立体停车楼,4,0,0,0
2026-06-08,12,高新区,3,高新万达路侧停车段,3,0,0,0
2026-06-08,13,城关区,1,市民中心地下停车场,6,0,0,0
2026-06-08,13,江南区,2,滨江路立体停车楼,4,0,0,0
2026-06-08,13,高新区,3,高新万达路侧停车段,3,0,0,0
2026-06-08,14,城关区,1,市民中心地下停车场,6,0,0,0
2026-06-08,14,江南区,2,滨江路立体停车楼,4,0,0,0
2026-06-08,14,高新区,3,高新万达路侧停车段,3,0,0,0
2026-06-08,15,城关区,1,市民中心地下停车场,6,0,0,0
2026-06-08,15,江南区,2,滨江路立体停车楼,4,0,0,0
2026-06-08,15,高新区,3,高新万达路侧停车段,3,0,0,0
2026-06-08,16,城关区,1,市民中心地下停车场,6,0,0,0
2026-06-08,16,江南区,2,滨江路立体停车楼,4,0,0,0
2026-06-08,16,高新区,3,高新万达路侧停车段,3,0,0,0
2026-06-08,17,城关区,1,市民中心地下停车场,6,0,0,0
2026-06-08,17,江南区,2,滨江路立体停车楼,4,0,0,0
2026-06-08,17,高新区,3,高新万达路侧停车段,3,0,0,0
2026-06-08,18,城关区,1,市民中心地下停车场,6,0,0,0
2026-06-08,18,江南区,2,滨江路立体停车楼,4,0,0,0
2026-06-08,18,高新区,3,高新万达路侧停车段,3,0,0,0
2026-06-08,19,城关区,1,市民中心地下停车场,6,0,0,0
2026-06-08,19,江南区,2,滨江路立体停车楼,4,0,0,0
2026-06-08,19,高新区,3,高新万达路侧停车段,3,0,0,0
2026-06-08,20,城关区,1,市民中心地下停车场,6,0,0,0
2026-06-08,20,江南区,2,滨江路立体停车楼,4,0,0,0
2026-06-08,20,高新区,3,高新万达路侧停车段,3,0,0,0
2026-06-08,21,城关区,1,市民中心地下停车场,6,0,0,0
2026-06-08,21,江南区,2,滨江路立体停车楼,4,0,0,0
2026-06-08,21,高新区,3,高新万达路侧停车段,3,0,0,0
2026-06-08,22,城关区,1,市民中心地下停车场,6,0,0,0
2026-06-08,22,江南区,2,滨江路立体停车楼,4,0,0,0
2026-06-08,22,高新区,3,高新万达路侧停车段,3,0,0,0
2026-06-08,23,城关区,1,市民中心地下停车场,6,0,0,0
2026-06-08,23,江南区,2,滨江路立体停车楼,4,0,0,0
2026-06-08,23,高新区,3,高新万达路侧停车段,3,0,0,0
2026-06-09,0,城关区,1,市民中心地下停车场,6,0,0,0
2026-06-09,0,江南区,2,滨江路立体停车楼,4,0,0,0
2026-06-09,0,高新区,3,高新万达路侧停车段,3,0,0,0
2026-06-09,1,城关区,1,市民中心地下停车场,6,0,0,0
2026-06-09,1,江南区,2,滨江路立体停车楼,4,0,0,0
2026-06-09,1,高新区,3,高新万达路侧停车段,3,0,0,0
2026-06-09,2,城关区,1,市民中心地下停车场,6,0,0,0
2026-06-09,2,江南区,2,滨江路立体停车楼,4,0,0,0
2026-06-09,2,高新区,3,高新万达路侧停车段,3,0,0,0
2026-06-09,3,城关区,1,市民中心地下停车场,6,0,0,0
2026-06-09,3,江南区,2,滨江路立体停车楼,4,0,0,0
2026-06-09,3,高新区,3,高新万达路侧停车段,3,0,0,0
2026-06-09,4,城关区,1,市民中心地下停车场,6,0,0,0
2026-06-09,4,江南区,2,滨江路立体停车楼,4,0,0,0
2026-06-09,4,高新区,3,高新万达路侧停车段,3,0,0,0
2026-06-09,5,城关区,1,市民中心地下停车场,6,0,0,0
2026-06-09,5,江南区,2,滨江路立体停车楼,4,0,0,0
2026-06-09,5,高新区,3,高新万达路侧停车段,3,0,0,0
2026-06-09,6,城关区,1,市民中心地下停车场,6,0,0,0
2026-06-09,6,江南区,2,滨江路立体停车楼,4,0,0,0
2026-06-09,6,高新区,3,高新万达路侧停车段,3,0,0,0
2026-06-09,7,城关区,1,市民中心地下停车场,6,0,0,0
2026-06-09,7,江南区,2,滨江路立体停车楼,4,0,0,0
2026-06-09,7,高新区,3,高新万达路侧停车段,3,0,0,0
2026-06-09,8,城关区,1,市民中心地下停车场,6,0,0,0
2026-06-09,8,江南区,2,滨江路立体停车楼,4,0,0,0
2026-06-09,8,高新区,3,高新万达路侧停车段,3,0,0,0
2026-06-09,9,城关区,1,市民中心地下停车场,6,0,0,0
2026-06-09,9,江南区,2,滨江路立体停车楼,4,0,0,0
2026-06-09,9,高新区,3,高新万达路侧停车段,3,0,0,0
2026-06-09,10,城关区,1,市民中心地下停车场,6,0,0,0
2026-06-09,10,江南区,2,滨江路立体停车楼,4,0,0,0
2026-06-09,10,高新区,3,高新万达路侧停车段,3,0,0,0
2026-06-09,11,城关区,1,市民中心地下停车场,6,0,0,0
2026-06-09,11,江南区,2,滨江路立体停车楼,4,0,0,0
2026-06-09,11,高新区,3,高新万达路侧停车段,3,0,0,0
2026-06-09,12,城关区,1,市民中心地下停车场,6,0,0,0
2026-06-09,12,江南区,2,滨江路立体停车楼,4,0,0,0
2026-06-09,12,高新区,3,高新万达路侧停车段,3,0,0,0
2026-06-09,13,城关区,1,市民中心地下停车场,6,0,0,0
2026-06-09,13,江南区,2,滨江路立体停车楼,4,0,0,0
2026-06-09,13,高新区,3,高新万达路侧停车段,3,0,0,0
2026-06-09,14,城关区,1,市民中心地下停车场,6,0,0,0
2026-06-09,14,江南区,2,滨江路立体停车楼,4,0,0,0
2026-06-09,14,高新区,3,高新万达路侧停车段,3,0,0,0
2026-06-09,15,城关区,1,市民中心地下停车场,6,0,0,0
2026-06-09,15,江南区,2,滨江路立体停车楼,4,0,0,0
2026-06-09,15,高新区,3,高新万达路侧停车段,3,0,0,0
2026-06-09,16,城关区,1,市民中心地下停车场,6,0,0,0
2026-06-09,16,江南区,2,滨江路立体停车楼,4,0,0,0
2026-06-09,16,高新区,3,高新万达路侧停车段,3,0,0,0
2026-06-09,17,城关区,1,市民中心地下停车场,6,0,0,0
2026-06-09,17,江南区,2,滨江路立体停车楼,4,0,0,0
2026-06-09,17,高新区,3,高新万达路侧停车段,3,0,0,0
2026-06-09,18,城关区,1,市民中心地下停车场,6,0,0,0
2026-06-09,18,江南区,2,滨江路立体停车楼,4,0,0,0
2026-06-09,18,高新区,3,高新万达路侧停车段,3,0,0,0
2026-06-09,19,城关区,1,市民中心地下停车场,6,0,0,0
2026-06-09,19,江南区,2,滨江路立体停车楼,4,0,0,0
2026-06-09,19,高新区,3,高新万达路侧停车段,3,0,0,0
2026-06-09,20,城关区,1,市民中心地下停车场,6,0,0,0
2026-06-09,20,江南区,2,滨江路立体停车楼,4,0,0,0
2026-06-09,20,高新区,3,高新万达路侧停车段,3,0,0,0
2026-06-09,21,城关区,1,市民中心地下停车场,6,0,0,0
2026-06-09,21,江南区,2,滨江路立体停车楼,4,0,0,0
2026-06-09,21,高新区,3,高新万达路侧停车段,3,0,0,0
2026-06-09,22,城关区,1,市民中心地下停车场,6,0,0,0
2026-06-09,22,江南区,2,滨江路立体停车楼,4,0,0,0
2026-06-09,22,高新区,3,高新万达路侧停车段,3,0,0,0
2026-06-09,23,城关区,1,市民中心地下停车场,6,0,0,0
2026-06-09,23,江南区,2,滨江路立体停车楼,4,0,0,0
2026-06-09,23,高新区,3,高新万达路侧停车段,3,0,0,0
2026-06-10,0,城关区,1,市民中心地下停车场,6,0,0,0
2026-06-10,0,江南区,2,滨江路立体停车楼,4,0,0,0
2026-06-10,0,高新区,3,高新万达路侧停车段,3,0,0,0
2026-06-10,1,城关区,1,市民中心地下停车场,6,0,0,0
2026-06-10,1,江南区,2,滨江路立体停车楼,4,0,0,0
2026-06-10,1,高新区,3,高新万达路侧停车段,3,0,0,0
2026-06-10,2,城关区,1,市民中心地下停车场,6,0,0,0
2026-06-10,2,江南区,2,滨江路立体停车楼,4,0,0,0
2026-06-10,2,高新区,3,高新万达路侧停车段,3,0,0,0
2026-06-10,3,城关区,1,市民中心地下停车场,6,0,0,0
2026-06-10,3,江南区,2,滨江路立体停车楼,4,0,0,0
2026-06-10,3,高新区,3,高新万达路侧停车段,3,0,0,0
2026-06-10,4,城关区,1,市民中心地下停车场,6,0,0,0
2026-06-10,4,江南区,2,滨江路立体停车楼,4,0,0,0
2026-06-10,4,高新区,3,高新万达路侧停车段,3,0,0,0
2026-06-10,5,城关区,1,市民中心地下停车场,6,0,0,0
2026-06-10,5,江南区,2,滨江路立体停车楼,4,0,0,0
2026-06-10,5,高新区,3,高新万达路侧停车段,3,0,0,0
2026-06-10,6,城关区,1,市民中心地下停车场,6,0,0,0
2026-06-10,6,江南区,2,滨江路立体停车楼,4,0,0,0
2026-06-10,6,高新区,3,高新万达路侧停车段,3,0,0,0
2026-06-10,7,城关区,1,市民中心地下停车场,6,0,0,0
2026-06-10,7,江南区,2,滨江路立体停车楼,4,0,0,0
2026-06-10,7,高新区,3,高新万达路侧停车段,3,0,0,0
2026-06-10,8,城关区,1,市民中心地下停车场,6,0,0,0
2026-06-10,8,江南区,2,滨江路立体停车楼,4,0,0,0
2026-06-10,8,高新区,3,高新万达路侧停车段,3,0,0,0
2026-06-10,9,城关区,1,市民中心地下停车场,6,0,0,0
2026-06-10,9,江南区,2,滨江路立体停车楼,4,0,0,0
2026-06-10,9,高新区,3,高新万达路侧停车段,3,0,0,0
2026-06-10,10,城关区,1,市民中心地下停车场,6,0,0,0
2026-06-10,10,江南区,2,滨江路立体停车楼,4,0,0,0
2026-06-10,10,高新区,3,高新万达路侧停车段,3,0,0,0
2026-06-10,11,城关区,1,市民中心地下停车场,6,0,0,0
2026-06-10,11,江南区,2,滨江路立体停车楼,4,0,0,0
2026-06-10,11,高新区,3,高新万达路侧停车段,3,0,0,0
2026-06-10,12,城关区,1,市民中心地下停车场,6,0,0,0
2026-06-10,12,江南区,2,滨江路立体停车楼,4,0,0,0
2026-06-10,12,高新区,3,高新万达路侧停车段,3,0,0,0
2026-06-10,13,城关区,1,市民中心地下停车场,6,0,0,0
2026-06-10,13,江南区,2,滨江路立体停车楼,4,0,0,0
2026-06-10,13,高新区,3,高新万达路侧停车段,3,0,0,0
2026-06-10,14,城关区,1,市民中心地下停车场,6,0,0,0
2026-06-10,14,江南区,2,滨江路立体停车楼,4,0,0,0
2026-06-10,14,高新区,3,高新万达路侧停车段,3,0,0,0
2026-06-10,15,城关区,1,市民中心地下停车场,6,0,0,0
2026-06-10,15,江南区,2,滨江路立体停车楼,4,0,0,0
2026-06-10,15,高新区,3,高新万达路侧停车段,3,0,0,0
2026-06-10,16,城关区,1,市民中心地下停车场,6,0,0,0
2026-06-10,16,江南区,2,滨江路立体停车楼,4,0,0,0
2026-06-10,16,高新区,3,高新万达路侧停车段,3,0,0,0
2026-06-10,17,城关区,1,市民中心地下停车场,6,0,0,0
2026-06-10,17,江南区,2,滨江路立体停车楼,4,0,0,0
2026-06-10,17,高新区,3,高新万达路侧停车段,3,0,0,0
2026-06-10,18,城关区,1,市民中心地下停车场,6,0,0,0
2026-06-10,18,江南区,2,滨江路立体停车楼,4,0,0,0
2026-06-10,18,高新区,3,高新万达路侧停车段,3,0,0,0
2026-06-10,19,城关区,1,市民中心地下停车场,6,0,0,0
2026-06-10,19,江南区,2,滨江路立体停车楼,4,0,0,0
2026-06-10,19,高新区,3,高新万达路侧停车段,3,0,0,0
2026-06-10,20,城关区,1,市民中心地下停车场,6,0,0,0
2026-06-10,20,江南区,2,滨江路立体停车楼,4,0,0,0
2026-06-10,20,高新区,3,高新万达路侧停车段,3,0,0,0
2026-06-10,21,城关区,1,市民中心地下停车场,6,0,0,0
2026-06-10,21,江南区,2,滨江路立体停车楼,4,0,0,0
2026-06-10,21,高新区,3,高新万达路侧停车段,3,0,0,0
2026-06-10,22,城关区,1,市民中心地下停车场,6,0,0,0
2026-06-10,22,江南区,2,滨江路立体停车楼,4,0,0,0
2026-06-10,22,高新区,3,高新万达路侧停车段,3,0,0,0
2026-06-10,23,城关区,1,市民中心地下停车场,6,0,0,0
2026-06-10,23,江南区,2,滨江路立体停车楼,4,0,0,0
2026-06-10,23,高新区,3,高新万达路侧停车段,3,0,0,0
2026-06-11,0,城关区,1,市民中心地下停车场,6,0,0,0
2026-06-11,0,江南区,2,滨江路立体停车楼,4,0,0,0
2026-06-11,0,高新区,3,高新万达路侧停车段,3,0,0,0
2026-06-11,1,城关区,1,市民中心地下停车场,6,0,0,0
2026-06-11,1,江南区,2,滨江路立体停车楼,4,0,0,0
2026-06-11,1,高新区,3,高新万达路侧停车段,3,0,0,0
2026-06-11,2,城关区,1,市民中心地下停车场,6,0,0,0
2026-06-11,2,江南区,2,滨江路立体停车楼,4,0,0,0
2026-06-11,2,高新区,3,高新万达路侧停车段,3,0,0,0
2026-06-11,3,城关区,1,市民中心地下停车场,6,0,0,0
2026-06-11,3,江南区,2,滨江路立体停车楼,4,0,0,0
2026-06-11,3,高新区,3,高新万达路侧停车段,3,0,0,0
2026-06-11,4,城关区,1,市民中心地下停车场,6,0,0,0
2026-06-11,4,江南区,2,滨江路立体停车楼,4,0,0,0
2026-06-11,4,高新区,3,高新万达路侧停车段,3,0,0,0
2026-06-11,5,城关区,1,市民中心地下停车场,6,0,0,0
2026-06-11,5,江南区,2,滨江路立体停车楼,4,0,0,0
2026-06-11,5,高新区,3,高新万达路侧停车段,3,0,0,0
2026-06-11,6,城关区,1,市民中心地下停车场,6,0,0,0
2026-06-11,6,江南区,2,滨江路立体停车楼,4,0,0,0
2026-06-11,6,高新区,3,高新万达路侧停车段,3,0,0,0
2026-06-11,7,城关区,1,市民中心地下停车场,6,0,0,0
2026-06-11,7,江南区,2,滨江路立体停车楼,4,0,0,0
2026-06-11,7,高新区,3,高新万达路侧停车段,3,0,0,0
2026-06-11,8,城关区,1,市民中心地下停车场,6,0,0,0
2026-06-11,8,江南区,2,滨江路立体停车楼,4,0,0,0
2026-06-11,8,高新区,3,高新万达路侧停车段,3,0,0,0
2026-06-11,9,城关区,1,市民中心地下停车场,6,0,0,0
2026-06-11,9,江南区,2,滨江路立体停车楼,4,0,0,0
2026-06-11,9,高新区,3,高新万达路侧停车段,3,0,0,0
2026-06-11,10,城关区,1,市民中心地下停车场,6,0,0,0
2026-06-11,10,江南区,2,滨江路立体停车楼,4,0,0,0
2026-06-11,10,高新区,3,高新万达路侧停车段,3,0,0,0
2026-06-11,11,城关区,1,市民中心地下停车场,6,0,0,0
2026-06-11,11,江南区,2,滨江路立体停车楼,4,0,0,0
2026-06-11,11,高新区,3,高新万达路侧停车段,3,0,0,0
2026-06-11,12,城关区,1,市民中心地下停车场,6,0,0,0
2026-06-11,12,江南区,2,滨江路立体停车楼,4,0,0,0
2026-06-11,12,高新区,3,高新万达路侧停车段,3,0,0,0
2026-06-11,13,城关区,1,市民中心地下停车场,6,0,0,0
2026-06-11,13,江南区,2,滨江路立体停车楼,4,0,0,0
2026-06-11,13,高新区,3,高新万达路侧停车段,3,0,0,0
2026-06-11,14,城关区,1,市民中心地下停车场,6,0,0,0
2026-06-11,14,江南区,2,滨江路立体停车楼,4,0,0,0
2026-06-11,14,高新区,3,高新万达路侧停车段,3,0,0,0
2026-06-11,15,城关区,1,市民中心地下停车场,6,0,0,0
2026-06-11,15,江南区,2,滨江路立体停车楼,4,0,0,0
2026-06-11,15,高新区,3,高新万达路侧停车段,3,0,0,0
2026-06-11,16,城关区,1,市民中心地下停车场,6,0,0,0
2026-06-11,16,江南区,2,滨江路立体停车楼,4,0,0,0
2026-06-11,16,高新区,3,高新万达路侧停车段,3,0,0,0
2026-06-11,17,城关区,1,市民中心地下停车场,6,0,0,0
2026-06-11,17,江南区,2,滨江路立体停车楼,4,0,0,0
2026-06-11,17,高新区,3,高新万达路侧停车段,3,0,0,0
2026-06-11,18,城关区,1,市民中心地下停车场,6,0,0,0
2026-06-11,18,江南区,2,滨江路立体停车楼,4,0,0,0
2026-06-11,18,高新区,3,高新万达路侧停车段,3,0,0,0
2026-06-11,19,城关区,1,市民中心地下停车场,6,0,0,0
2026-06-11,19,江南区,2,滨江路立体停车楼,4,0,0,0
2026-06-11,19,高新区,3,高新万达路侧停车段,3,0,0,0
2026-06-11,20,城关区,1,市民中心地下停车场,6,0,0,0
2026-06-11,20,江南区,2,滨江路立体停车楼,4,0,0,0
2026-06-11,20,高新区,3,高新万达路侧停车段,3,0,0,0
2026-06-11,21,城关区,1,市民中心地下停车场,6,0,0,0
2026-06-11,21,江南区,2,滨江路立体停车楼,4,0,0,0
2026-06-11,21,高新区,3,高新万达路侧停车段,3,0,0,0
2026-06-11,22,城关区,1,市民中心地下停车场,6,0,0,0
2026-06-11,22,江南区,2,滨江路立体停车楼,4,0,0,0
2026-06-11,22,高新区,3,高新万达路侧停车段,3,0,0,0
2026-06-11,23,城关区,1,市民中心地下停车场,6,0,0,0
2026-06-11,23,江南区,2,滨江路立体停车楼,4,0,0,0
2026-06-11,23,高新区,3,高新万达路侧停车段,3,0,0,0
2026-06-12,0,城关区,1,市民中心地下停车场,6,0,0,0
2026-06-12,0,江南区,2,滨江路立体停车楼,4,0,0,0
2026-06-12,0,高新区,3,高新万达路侧停车段,3,0,0,0
2026-06-12,1,城关区,1,市民中心地下停车场,6,0,0,0
2026-06-12,1,江南区,2,滨江路立体停车楼,4,0,0,0
2026-06-12,1,高新区,3,高新万达路侧停车段,3,0,0,0
2026-06-12,2,城关区,1,市民中心地下停车场,6,0,0,0
2026-06-12,2,江南区,2,滨江路立体停车楼,4,0,0,0
2026-06-12,2,高新区,3,高新万达路侧停车段,3,0,0,0
2026-06-12,3,城关区,1,市民中心地下停车场,6,0,0,0
2026-06-12,3,江南区,2,滨江路立体停车楼,4,0,0,0
2026-06-12,3,高新区,3,高新万达路侧停车段,3,0,0,0
2026-06-12,4,城关区,1,市民中心地下停车场,6,0,0,0
2026-06-12,4,江南区,2,滨江路立体停车楼,4,0,0,0
2026-06-12,4,高新区,3,高新万达路侧停车段,3,0,0,0
2026-06-12,5,城关区,1,市民中心地下停车场,6,0,0,0
2026-06-12,5,江南区,2,滨江路立体停车楼,4,0,0,0
2026-06-12,5,高新区,3,高新万达路侧停车段,3,0,0,0
2026-06-12,6,城关区,1,市民中心地下停车场,6,0,0,0
2026-06-12,6,江南区,2,滨江路立体停车楼,4,0,0,0
2026-06-12,6,高新区,3,高新万达路侧停车段,3,0,0,0
2026-06-12,7,城关区,1,市民中心地下停车场,6,0,0,0
2026-06-12,7,江南区,2,滨江路立体停车楼,4,0,0,0
2026-06-12,7,高新区,3,高新万达路侧停车段,3,0,0,0
2026-06-12,8,城关区,1,市民中心地下停车场,6,0,0,0
2026-06-12,8,江南区,2,滨江路立体停车楼,4,0,0,0
2026-06-12,8,高新区,3,高新万达路侧停车段,3,0,0,0
2026-06-12,9,城关区,1,市民中心地下停车场,6,0,0,0
2026-06-12,9,江南区,2,滨江路立体停车楼,4,0,0,0
2026-06-12,9,高新区,3,高新万达路侧停车段,3,0,0,0
2026-06-12,10,城关区,1,市民中心地下停车场,6,0,0,0
2026-06-12,10,江南区,2,滨江路立体停车楼,4,0,0,0
2026-06-12,10,高新区,3,高新万达路侧停车段,3,0,0,0
2026-06-12,11,城关区,1,市民中心地下停车场,6,0,0,0
2026-06-12,11,江南区,2,滨江路立体停车楼,4,0,0,0
2026-06-12,11,高新区,3,高新万达路侧停车段,3,0,0,0
2026-06-12,12,城关区,1,市民中心地下停车场,6,0,0,0
2026-06-12,12,江南区,2,滨江路立体停车楼,4,0,0,0
2026-06-12,12,高新区,3,高新万达路侧停车段,3,0,0,0
2026-06-12,13,城关区,1,市民中心地下停车场,6,0,0,0
2026-06-12,13,江南区,2,滨江路立体停车楼,4,0,0,0
2026-06-12,13,高新区,3,高新万达路侧停车段,3,0,0,0
2026-06-12,14,城关区,1,市民中心地下停车场,6,0,0,0
2026-06-12,14,江南区,2,滨江路立体停车楼,4,0,0,0
2026-06-12,14,高新区,3,高新万达路侧停车段,3,0,0,0
2026-06-12,15,城关区,1,市民中心地下停车场,6,0,0,0
2026-06-12,15,江南区,2,滨江路立体停车楼,4,0,0,0
2026-06-12,15,高新区,3,高新万达路侧停车段,3,0,0,0
2026-06-12,16,城关区,1,市民中心地下停车场,6,0,0,0
2026-06-12,16,江南区,2,滨江路立体停车楼,4,0,0,0
2026-06-12,16,高新区,3,高新万达路侧停车段,3,0,0,0
2026-06-12,17,城关区,1,市民中心地下停车场,6,0,0,0
2026-06-12,17,江南区,2,滨江路立体停车楼,4,0,0,0
2026-06-12,17,高新区,3,高新万达路侧停车段,3,0,0,0
2026-06-12,18,城关区,1,市民中心地下停车场,6,0,0,0
2026-06-12,18,江南区,2,滨江路立体停车楼,4,0,0,0
2026-06-12,18,高新区,3,高新万达路侧停车段,3,0,0,0
2026-06-12,19,城关区,1,市民中心地下停车场,6,0,0,0
2026-06-12,19,江南区,2,滨江路立体停车楼,4,0,0,0
2026-06-12,19,高新区,3,高新万达路侧停车段,3,0,0,0
2026-06-12,20,城关区,1,市民中心地下停车场,6,0,0,0
2026-06-12,20,江南区,2,滨江路立体停车楼,4,0,0,0
2026-06-12,20,高新区,3,高新万达路侧停车段,3,0,0,0
2026-06-12,21,城关区,1,市民中心地下停车场,6,0,0,0
2026-06-12,21,江南区,2,滨江路立体停车楼,4,0,0,0
2026-06-12,21,高新区,3,高新万达路侧停车段,3,0,0,0
2026-06-12,22,城关区,1,市民中心地下停车场,6,0,0,0
2026-06-12,22,江南区,2,滨江路立体停车楼,4,0,0,0
2026-06-12,22,高新区,3,高新万达路侧停车段,3,0,0,0
2026-06-12,23,城关区,1,市民中心地下停车场,6,0,0,0
2026-06-12,23,江南区,2,滨江路立体停车楼,4,0,0,0
2026-06-12,23,高新区,3,高新万达路侧停车段,3,0,0,0
2026-06-13,0,城关区,1,市民中心地下停车场,6,0,0,0
2026-06-13,0,江南区,2,滨江路立体停车楼,4,0,0,0
2026-06-13,0,高新区,3,高新万达路侧停车段,3,0,0,0
2026-06-13,1,城关区,1,市民中心地下停车场,6,0,0,0
2026-06-13,1,江南区,2,滨江路立体停车楼,4,0,0,0
2026-06-13,1,高新区,3,高新万达路侧停车段,3,0,0,0
2026-06-13,2,城关区,1,市民中心地下停车场,6,0,0,0
2026-06-13,2,江南区,2,滨江路立体停车楼,4,0,0,0
2026-06-13,2,高新区,3,高新万达路侧停车段,3,0,0,0
2026-06-13,3,城关区,1,市民中心地下停车场,6,0,0,0
2026-06-13,3,江南区,2,滨江路立体停车楼,4,0,0,0
2026-06-13,3,高新区,3,高新万达路侧停车段,3,0,0,0
2026-06-13,4,城关区,1,市民中心地下停车场,6,0,0,0
2026-06-13,4,江南区,2,滨江路立体停车楼,4,0,0,0
2026-06-13,4,高新区,3,高新万达路侧停车段,3,0,0,0
2026-06-13,5,城关区,1,市民中心地下停车场,6,0,0,0
2026-06-13,5,江南区,2,滨江路立体停车楼,4,0,0,0
2026-06-13,5,高新区,3,高新万达路侧停车段,3,0,0,0
2026-06-13,6,城关区,1,市民中心地下停车场,6,0,0,0
2026-06-13,6,江南区,2,滨江路立体停车楼,4,0,0,0
2026-06-13,6,高新区,3,高新万达路侧停车段,3,0,0,0
2026-06-13,7,城关区,1,市民中心地下停车场,6,0,0,0
2026-06-13,7,江南区,2,滨江路立体停车楼,4,0,0,0
2026-06-13,7,高新区,3,高新万达路侧停车段,3,0,0,0
2026-06-13,8,城关区,1,市民中心地下停车场,6,0,0,0
2026-06-13,8,江南区,2,滨江路立体停车楼,4,0,0,0
2026-06-13,8,高新区,3,高新万达路侧停车段,3,0,0,0
2026-06-13,9,城关区,1,市民中心地下停车场,6,0,0,0
2026-06-13,9,江南区,2,滨江路立体停车楼,4,0,0,0
2026-06-13,9,高新区,3,高新万达路侧停车段,3,0,0,0
2026-06-13,10,城关区,1,市民中心地下停车场,6,0,0,0
2026-06-13,10,江南区,2,滨江路立体停车楼,4,0,0,0
2026-06-13,10,高新区,3,高新万达路侧停车段,3,0,0,0
2026-06-13,11,城关区,1,市民中心地下停车场,6,0,0,0
2026-06-13,11,江南区,2,滨江路立体停车楼,4,0,0,0
2026-06-13,11,高新区,3,高新万达路侧停车段,3,0,0,0
2026-06-13,12,城关区,1,市民中心地下停车场,6,0,0,0
2026-06-13,12,江南区,2,滨江路立体停车楼,4,0,0,0
2026-06-13,12,高新区,3,高新万达路侧停车段,3,0,0,0
2026-06-13,13,城关区,1,市民中心地下停车场,6,0,0,0
2026-06-13,13,江南区,2,滨江路立体停车楼,4,0,0,0
2026-06-13,13,高新区,3,高新万达路侧停车段,3,0,0,0
2026-06-13,14,城关区,1,市民中心地下停车场,6,0,0,0
2026-06-13,14,江南区,2,滨江路立体停车楼,4,0,0,0
2026-06-13,14,高新区,3,高新万达路侧停车段,3,0,0,0
2026-06-13,15,城关区,1,市民中心地下停车场,6,0,0,0
2026-06-13,15,江南区,2,滨江路立体停车楼,4,0,0,0
2026-06-13,15,高新区,3,高新万达路侧停车段,3,0,0,0
2026-06-13,16,城关区,1,市民中心地下停车场,6,0,0,0
2026-06-13,16,江南区,2,滨江路立体停车楼,4,0,0,0
2026-06-13,16,高新区,3,高新万达路侧停车段,3,0,0,0
2026-06-13,17,城关区,1,市民中心地下停车场,6,0,0,0
2026-06-13,17,江南区,2,滨江路立体停车楼,4,0,0,0
2026-06-13,17,高新区,3,高新万达路侧停车段,3,0,0,0
2026-06-13,18,城关区,1,市民中心地下停车场,6,0,0,0
2026-06-13,18,江南区,2,滨江路立体停车楼,4,0,0,0
2026-06-13,18,高新区,3,高新万达路侧停车段,3,0,0,0
2026-06-13,19,城关区,1,市民中心地下停车场,6,0,0,0
2026-06-13,19,江南区,2,滨江路立体停车楼,4,0,0,0
2026-06-13,19,高新区,3,高新万达路侧停车段,3,0,0,0
2026-06-13,20,城关区,1,市民中心地下停车场,6,0,0,0
2026-06-13,20,江南区,2,滨江路立体停车楼,4,0,0,0
2026-06-13,20,高新区,3,高新万达路侧停车段,3,0,0,0
2026-06-13,21,城关区,1,市民中心地下停车场,6,0,0,0
2026-06-13,21,江南区,2,滨江路立体停车楼,4,0,0,0
2026-06-13,21,高新区,3,高新万达路侧停车段,3,0,0,0
2026-06-13,22,城关区,1,市民中心地下停车场,6,0,0,0
2026-06-13,22,江南区,2,滨江路立体停车楼,4,0,0,0
2026-06-13,22,高新区,3,高新万达路侧停车段,3,0,0,0
2026-06-13,23,城关区,1,市民中心地下停车场,6,0,0,0
2026-06-13,23,江南区,2,滨江路立体停车楼,4,0,0,0
2026-06-13,23,高新区,3,高新万达路侧停车段,3,0,0,0
2026-06-14,0,城关区,1,市民中心地下停车场,6,0,0,0
2026-06-14,0,江南区,2,滨江路立体停车楼,4,0,0,0
2026-06-14,0,高新区,3,高新万达路侧停车段,3,0,0,0
2026-06-14,1,城关区,1,市民中心地下停车场,6,0,0,0
2026-06-14,1,江南区,2,滨江路立体停车楼,4,0,0,0
2026-06-14,1,高新区,3,高新万达路侧停车段,3,0,0,0
2026-06-14,2,城关区,1,市民中心地下停车场,6,0,0,0
2026-06-14,2,江南区,2,滨江路立体停车楼,4,0,0,0
2026-06-14,2,高新区,3,高新万达路侧停车段,3,0,0,0
2026-06-14,3,城关区,1,市民中心地下停车场,6,0,0,0
2026-06-14,3,江南区,2,滨江路立体停车楼,4,0,0,0
2026-06-14,3,高新区,3,高新万达路侧停车段,3,0,0,0
2026-06-14,4,城关区,1,市民中心地下停车场,6,0,0,0
2026-06-14,4,江南区,2,滨江路立体停车楼,4,0,0,0
2026-06-14,4,高新区,3,高新万达路侧停车段,3,0,0,0
2026-06-14,5,城关区,1,市民中心地下停车场,6,0,0,0
2026-06-14,5,江南区,2,滨江路立体停车楼,4,0,0,0
2026-06-14,5,高新区,3,高新万达路侧停车段,3,0,0,0
2026-06-14,6,城关区,1,市民中心地下停车场,6,0,0,0
2026-06-14,6,江南区,2,滨江路立体停车楼,4,0,0,0
2026-06-14,6,高新区,3,高新万达路侧停车段,3,0,0,0
2026-06-14,7,城关区,1,市民中心地下停车场,6,0,0,0
2026-06-14,7,江南区,2,滨江路立体停车楼,4,0,0,0
2026-06-14,7,高新区,3,高新万达路侧停车段,3,0,0,0
2026-06-14,8,城关区,1,市民中心地下停车场,6,0,0,0
2026-06-14,8,江南区,2,滨江路立体停车楼,4,0,0,0
2026-06-14,8,高新区,3,高新万达路侧停车段,3,0,0,0
2026-06-14,9,城关区,1,市民中心地下停车场,6,0,0,0
2026-06-14,9,江南区,2,滨江路立体停车楼,4,0,0,0
2026-06-14,9,高新区,3,高新万达路侧停车段,3,0,0,0
2026-06-14,10,城关区,1,市民中心地下停车场,6,0,0,0
2026-06-14,10,江南区,2,滨江路立体停车楼,4,0,0,0
2026-06-14,10,高新区,3,高新万达路侧停车段,3,0,0,0
2026-06-14,11,城关区,1,市民中心地下停车场,6,0,0,0
2026-06-14,11,江南区,2,滨江路立体停车楼,4,0,0,0
2026-06-14,11,高新区,3,高新万达路侧停车段,3,0,0,0
2026-06-14,12,城关区,1,市民中心地下停车场,6,0,0,0
2026-06-14,12,江南区,2,滨江路立体停车楼,4,0,0,0
2026-06-14,12,高新区,3,高新万达路侧停车段,3,0,0,0
2026-06-14,13,城关区,1,市民中心地下停车场,6,0,0,0
2026-06-14,13,江南区,2,滨江路立体停车楼,4,0,0,0
2026-06-14,13,高新区,3,高新万达路侧停车段,3,0,0,0
2026-06-14,14,城关区,1,市民中心地下停车场,6,0,0,0
2026-06-14,14,江南区,2,滨江路立体停车楼,4,0,0,0
2026-06-14,14,高新区,3,高新万达路侧停车段,3,0,0,0
2026-06-14,15,城关区,1,市民中心地下停车场,6,0,0,0
2026-06-14,15,江南区,2,滨江路立体停车楼,4,0,0,0
2026-06-14,15,高新区,3,高新万达路侧停车段,3,0,0,0
2026-06-14,16,城关区,1,市民中心地下停车场,6,0,0,0
2026-06-14,16,江南区,2,滨江路立体停车楼,4,0,0,0
2026-06-14,16,高新区,3,高新万达路侧停车段,3,0,0,0
2026-06-14,17,城关区,1,市民中心地下停车场,6,0,0,0
2026-06-14,17,江南区,2,滨江路立体停车楼,4,0,0,0
2026-06-14,17,高新区,3,高新万达路侧停车段,3,0,0,0
2026-06-14,18,城关区,1,市民中心地下停车场,6,0,0,0
2026-06-14,18,江南区,2,滨江路立体停车楼,4,0,0,0
2026-06-14,18,高新区,3,高新万达路侧停车段,3,0,0,0
2026-06-14,19,城关区,1,市民中心地下停车场,6,0,0,0
2026-06-14,19,江南区,2,滨江路立体停车楼,4,0,0,0
2026-06-14,19,高新区,3,高新万达路侧停车段,3,0,0,0
2026-06-14,20,城关区,1,市民中心地下停车场,6,0,0,0
2026-06-14,20,江南区,2,滨江路立体停车楼,4,0,0,0
2026-06-14,20,高新区,3,高新万达路侧停车段,3,0,0,0
2026-06-14,21,城关区,1,市民中心地下停车场,6,0,0,0
2026-06-14,21,江南区,2,滨江路立体停车楼,4,0,0,0
2026-06-14,21,高新区,3,高新万达路侧停车段,3,0,0,0
2026-06-14,22,城关区,1,市民中心地下停车场,6,0,0,0
2026-06-14,22,江南区,2,滨江路立体停车楼,4,0,0,0
2026-06-14,22,高新区,3,高新万达路侧停车段,3,0,0,0
2026-06-14,23,城关区,1,市民中心地下停车场,6,0,0,0
2026-06-14,23,江南区,2,滨江路立体停车楼,4,0,0,0
2026-06-14,23,高新区,3,高新万达路侧停车段,3,0,0,0
2026-06-15,0,城关区,1,市民中心地下停车场,6,0,0,0
2026-06-15,0,江南区,2,滨江路立体停车楼,4,0,0,0
2026-06-15,0,高新区,3,高新万达路侧停车段,3,0,0,0
2026-06-15,1,城关区,1,市民中心地下停车场,6,0,0,0
2026-06-15,1,江南区,2,滨江路立体停车楼,4,0,0,0
2026-06-15,1,高新区,3,高新万达路侧停车段,3,0,0,0
2026-06-15,2,城关区,1,市民中心地下停车场,6,0,0,0
2026-06-15,2,江南区,2,滨江路立体停车楼,4,0,0,0
2026-06-15,2,高新区,3,高新万达路侧停车段,3,0,0,0
2026-06-15,3,城关区,1,市民中心地下停车场,6,0,0,0
2026-06-15,3,江南区,2,滨江路立体停车楼,4,0,0,0
2026-06-15,3,高新区,3,高新万达路侧停车段,3,0,0,0
2026-06-15,4,城关区,1,市民中心地下停车场,6,0,0,0
2026-06-15,4,江南区,2,滨江路立体停车楼,4,0,0,0
2026-06-15,4,高新区,3,高新万达路侧停车段,3,0,0,0
2026-06-15,5,城关区,1,市民中心地下停车场,6,0,0,0
2026-06-15,5,江南区,2,滨江路立体停车楼,4,0,0,0
2026-06-15,5,高新区,3,高新万达路侧停车段,3,0,0,0
2026-06-15,6,城关区,1,市民中心地下停车场,6,0,0,0
2026-06-15,6,江南区,2,滨江路立体停车楼,4,0,0,0
2026-06-15,6,高新区,3,高新万达路侧停车段,3,0,0,0
2026-06-15,7,城关区,1,市民中心地下停车场,6,0,0,0
2026-06-15,7,江南区,2,滨江路立体停车楼,4,0,0,0
2026-06-15,7,高新区,3,高新万达路侧停车段,3,0,0,0
2026-06-15,8,城关区,1,市民中心地下停车场,6,0,0,0
2026-06-15,8,江南区,2,滨江路立体停车楼,4,0,0,0
2026-06-15,8,高新区,3,高新万达路侧停车段,3,0,0,0
2026-06-15,9,城关区,1,市民中心地下停车场,6,0,0,0
2026-06-15,9,江南区,2,滨江路立体停车楼,4,0,0,0
2026-06-15,9,高新区,3,高新万达路侧停车段,3,0,0,0
2026-06-15,10,城关区,1,市民中心地下停车场,6,0,0,0
2026-06-15,10,江南区,2,滨江路立体停车楼,4,0,0,0
2026-06-15,10,高新区,3,高新万达路侧停车段,3,0,0,0
2026-06-15,11,城关区,1,市民中心地下停车场,6,0,0,0
2026-06-15,11,江南区,2,滨江路立体停车楼,4,0,0,0
2026-06-15,11,高新区,3,高新万达路侧停车段,3,0,0,0
2026-06-15,12,城关区,1,市民中心地下停车场,6,0,0,0
2026-06-15,12,江南区,2,滨江路立体停车楼,4,0,0,0
2026-06-15,12,高新区,3,高新万达路侧停车段,3,0,0,0
2026-06-15,13,城关区,1,市民中心地下停车场,6,0,0,0
2026-06-15,13,江南区,2,滨江路立体停车楼,4,0,0,0
2026-06-15,13,高新区,3,高新万达路侧停车段,3,0,0,0
2026-06-15,14,城关区,1,市民中心地下停车场,6,0,0,0
2026-06-15,14,江南区,2,滨江路立体停车楼,4,0,0,0
2026-06-15,14,高新区,3,高新万达路侧停车段,3,0,0,0
2026-06-15,15,城关区,1,市民中心地下停车场,6,0,0,0
2026-06-15,15,江南区,2,滨江路立体停车楼,4,0,0,0
2026-06-15,15,高新区,3,高新万达路侧停车段,3,0,0,0
2026-06-15,16,城关区,1,市民中心地下停车场,6,0,0,0
2026-06-15,16,江南区,2,滨江路立体停车楼,4,0,0,0
2026-06-15,16,高新区,3,高新万达路侧停车段,3,0,0,0
2026-06-15,17,城关区,1,市民中心地下停车场,6,0,0,0
2026-06-15,17,江南区,2,滨江路立体停车楼,4,0,0,0
2026-06-15,17,高新区,3,高新万达路侧停车段,3,0,0,0
2026-06-15,18,城关区,1,市民中心地下停车场,6,0,0,0
2026-06-15,18,江南区,2,滨江路立体停车楼,4,0,0,0
2026-06-15,18,高新区,3,高新万达路侧停车段,3,0,0,0
2026-06-15,19,城关区,1,市民中心地下停车场,6,0,0,0
2026-06-15,19,江南区,2,滨江路立体停车楼,4,0,0,0
2026-06-15,19,高新区,3,高新万达路侧停车段,3,0,0,0
2026-06-15,20,城关区,1,市民中心地下停车场,6,0,0,0
2026-06-15,20,江南区,2,滨江路立体停车楼,4,0,0,0
2026-06-15,20,高新区,3,高新万达路侧停车段,3,0,0,0
2026-06-15,21,城关区,1,市民中心地下停车场,6,0,0,0
2026-06-15,21,江南区,2,滨江路立体停车楼,4,0,0,0
2026-06-15,21,高新区,3,高新万达路侧停车段,3,0,0,0
2026-06-15,22,城关区,1,市民中心地下停车场,6,0,0,0
2026-06-15,22,江南区,2,滨江路立体停车楼,4,0,0,0
2026-06-15,22,高新区,3,高新万达路侧停车段,3,0,0,0
2026-06-15,23,城关区,1,市民中心地下停车场,6,0,0,0
2026-06-15,23,江南区,2,滨江路立体停车楼,4,0,0,0
2026-06-15,23,高新区,3,高新万达路侧停车段,3,0,0,0
2026-06-16,0,城关区,1,市民中心地下停车场,6,0,0,0
2026-06-16,0,江南区,2,滨江路立体停车楼,4,0,0,0
2026-06-16,0,高新区,3,高新万达路侧停车段,3,0,0,0
2026-06-16,1,城关区,1,市民中心地下停车场,6,0,0,0
2026-06-16,1,江南区,2,滨江路立体停车楼,4,0,0,0
2026-06-16,1,高新区,3,高新万达路侧停车段,3,0,0,0
2026-06-16,2,城关区,1,市民中心地下停车场,6,0,0,0
2026-06-16,2,江南区,2,滨江路立体停车楼,4,0,0,0
2026-06-16,2,高新区,3,高新万达路侧停车段,3,0,0,0
2026-06-16,3,城关区,1,市民中心地下停车场,6,0,0,0
2026-06-16,3,江南区,2,滨江路立体停车楼,4,0,0,0
2026-06-16,3,高新区,3,高新万达路侧停车段,3,0,0,0
2026-06-16,4,城关区,1,市民中心地下停车场,6,0,0,0
2026-06-16,4,江南区,2,滨江路立体停车楼,4,0,0,0
2026-06-16,4,高新区,3,高新万达路侧停车段,3,0,0,0
2026-06-16,5,城关区,1,市民中心地下停车场,6,0,0,0
2026-06-16,5,江南区,2,滨江路立体停车楼,4,0,0,0
2026-06-16,5,高新区,3,高新万达路侧停车段,3,0,0,0
2026-06-16,6,城关区,1,市民中心地下停车场,6,0,0,0
2026-06-16,6,江南区,2,滨江路立体停车楼,4,0,0,0
2026-06-16,6,高新区,3,高新万达路侧停车段,3,0,0,0
2026-06-16,7,城关区,1,市民中心地下停车场,6,0,0,0
2026-06-16,7,江南区,2,滨江路立体停车楼,4,0,0,0
2026-06-16,7,高新区,3,高新万达路侧停车段,3,0,0,0
2026-06-16,8,城关区,1,市民中心地下停车场,6,1,0,1
2026-06-16,8,江南区,2,滨江路立体停车楼,4,0,0,0
2026-06-16,8,高新区,3,高新万达路侧停车段,3,0,0,0
2026-06-16,9,城关区,1,市民中心地下停车场,6,0,0,1
2026-06-16,9,江南区,2,滨江路立体停车楼,4,1,1,0
2026-06-16,9,高新区,3,高新万达路侧停车段,3,0,0,0
2026-06-16,10,城关区,1,市民中心地下停车场,6,0,0,1
2026-06-16,10,江南区,2,滨江路立体停车楼,4,0,0,0
2026-06-16,10,高新区,3,高新万达路侧停车段,3,0,0,0
2026-06-16,11,城关区,1,市民中心地下停车场,6,0,0,1
2026-06-16,11,江南区,2,滨江路立体停车楼,4,0,0,0
2026-06-16,11,高新区,3,高新万达路侧停车段,3,0,0,0
2026-06-16,12,城关区,1,市民中心地下停车场,6,0,0,1
2026-06-16,12,江南区,2,滨江路立体停车楼,4,0,0,0
2026-06-16,12,高新区,3,高新万达路侧停车段,3,0,0,0
2026-06-16,13,城关区,1,市民中心地下停车场,6,0,0,1
2026-06-16,13,江南区,2,滨江路立体停车楼,4,0,0,0
2026-06-16,13,高新区,3,高新万达路侧停车段,3,0,0,0
2026-06-16,14,城关区,1,市民中心地下停车场,6,0,0,1
2026-06-16,14,江南区,2,滨江路立体停车楼,4,0,0,0
2026-06-16,14,高新区,3,高新万达路侧停车段,3,0,0,0
2026-06-16,15,城关区,1,市民中心地下停车场,6,0,0,1
2026-06-16,15,江南区,2,滨江路立体停车楼,4,0,0,0
2026-06-16,15,高新区,3,高新万达路侧停车段,3,0,0,0
2026-06-16,16,城关区,1,市民中心地下停车场,6,0,0,1
2026-06-16,16,江南区,2,滨江路立体停车楼,4,0,0,0
2026-06-16,16,高新区,3,高新万达路侧停车段,3,0,0,0
2026-06-16,17,城关区,1,市民中心地下停车场,6,0,0,1
2026-06-16,17,江南区,2,滨江路立体停车楼,4,0,0,0
2026-06-16,17,高新区,3,高新万达路侧停车段,3,0,0,0
2026-06-16,18,城关区,1,市民中心地下停车场,6,0,0,1
2026-06-16,18,江南区,2,滨江路立体停车楼,4,0,0,0
2026-06-16,18,高新区,3,高新万达路侧停车段,3,0,0,0
2026-06-16,19,城关区,1,市民中心地下停车场,6,0,0,1
2026-06-16,19,江南区,2,滨江路立体停车楼,4,0,0,0
2026-06-16,19,高新区,3,高新万达路侧停车段,3,0,0,0
2026-06-16,20,城关区,1,市民中心地下停车场,6,0,0,1
2026-06-16,20,江南区,2,滨江路立体停车楼,4,0,0,0
2026-06-16,20,高新区,3,高新万达路侧停车段,3,0,0,0
2026-06-16,21,城关区,1,市民中心地下停车场,6,0,0,1
2026-06-16,21,江南区,2,滨江路立体停车楼,4,0,0,0
2026-06-16,21,高新区,3,高新万达路侧停车段,3,0,0,0
2026-06-16,22,城关区,1,市民中心地下停车场,6,0,0,1
2026-06-16,22,江南区,2,滨江路立体停车楼,4,0,0,0
2026-06-16,22,高新区,3,高新万达路侧停车段,3,0,0,0
2026-06-16,23,城关区,1,市民中心地下停车场,6,0,0,1
2026-06-16,23,江南区,2,滨江路立体停车楼,4,0,0,0
2026-06-16,23,高新区,3,高新万达路侧停车段,3,0,0,0
2026-06-17,0,城关区,1,市民中心地下停车场,6,0,0,0
2026-06-17,0,江南区,2,滨江路立体停车楼,4,0,0,0
2026-06-17,0,高新区,3,高新万达路侧停车段,3,0,0,0
2026-06-17,1,城关区,1,市民中心地下停车场,6,0,0,0
2026-06-17,1,江南区,2,滨江路立体停车楼,4,0,0,0
2026-06-17,1,高新区,3,高新万达路侧停车段,3,0,0,0
2026-06-17,2,城关区,1,市民中心地下停车场,6,0,0,0
2026-06-17,2,江南区,2,滨江路立体停车楼,4,0,0,0
2026-06-17,2,高新区,3,高新万达路侧停车段,3,0,0,0
2026-06-17,3,城关区,1,市民中心地下停车场,6,0,0,0
2026-06-17,3,江南区,2,滨江路立体停车楼,4,0,0,0
2026-06-17,3,高新区,3,高新万达路侧停车段,3,0,0,0
2026-06-17,4,城关区,1,市民中心地下停车场,6,0,0,0
2026-06-17,4,江南区,2,滨江路立体停车楼,4,0,0,0
2026-06-17,4,高新区,3,高新万达路侧停车段,3,0,0,0
2026-06-17,5,城关区,1,市民中心地下停车场,6,0,0,0
2026-06-17,5,江南区,2,滨江路立体停车楼,4,0,0,0
2026-06-17,5,高新区,3,高新万达路侧停车段,3,0,0,0
2026-06-17,6,城关区,1,市民中心地下停车场,6,0,0,0
2026-06-17,6,江南区,2,滨江路立体停车楼,4,0,0,0
2026-06-17,6,高新区,3,高新万达路侧停车段,3,0,0,0
2026-06-17,7,城关区,1,市民中心地下停车场,6,0,0,0
2026-06-17,7,江南区,2,滨江路立体停车楼,4,0,0,0
2026-06-17,7,高新区,3,高新万达路侧停车段,3,0,0,0
2026-06-17,8,城关区,1,市民中心地下停车场,6,0,0,0
2026-06-17,8,江南区,2,滨江路立体停车楼,4,0,0,0
2026-06-17,8,高新区,3,高新万达路侧停车段,3,0,0,0
2026-06-17,9,城关区,1,市民中心地下停车场,6,0,0,0
2026-06-17,9,江南区,2,滨江路立体停车楼,4,0,0,0
2026-06-17,9,高新区,3,高新万达路侧停车段,3,0,0,0
2026-06-17,10,城关区,1,市民中心地下停车场,6,0,0,0
2026-06-17,10,江南区,2,滨江路立体停车楼,4,0,0,0
2026-06-17,10,高新区,3,高新万达路侧停车段,3,0,0,0
2026-06-17,11,城关区,1,市民中心地下停车场,6,0,0,0
2026-06-17,11,江南区,2,滨江路立体停车楼,4,0,0,0
2026-06-17,11,高新区,3,高新万达路侧停车段,3,0,0,0
2026-06-17,12,城关区,1,市民中心地下停车场,6,0,0,0
2026-06-17,12,江南区,2,滨江路立体停车楼,4,0,0,0
2026-06-17,12,高新区,3,高新万达路侧停车段,3,0,0,0
2026-06-17,13,城关区,1,市民中心地下停车场,6,0,0,0
2026-06-17,13,江南区,2,滨江路立体停车楼,4,0,0,0
2026-06-17,13,高新区,3,高新万达路侧停车段,3,0,0,0
2026-06-17,14,城关区,1,市民中心地下停车场,6,0,0,0
2026-06-17,14,江南区,2,滨江路立体停车楼,4,0,0,0
2026-06-17,14,高新区,3,高新万达路侧停车段,3,0,0,0
2026-06-17,15,城关区,1,市民中心地下停车场,6,0,0,0
2026-06-17,15,江南区,2,滨江路立体停车楼,4,0,0,0
2026-06-17,15,高新区,3,高新万达路侧停车段,3,0,0,0
2026-06-17,16,城关区,1,市民中心地下停车场,6,0,0,0
2026-06-17,16,江南区,2,滨江路立体停车楼,4,0,0,0
2026-06-17,16,高新区,3,高新万达路侧停车段,3,0,0,0
2026-06-17,17,城关区,1,市民中心地下停车场,6,0,0,0
2026-06-17,17,江南区,2,滨江路立体停车楼,4,0,0,0
2026-06-17,17,高新区,3,高新万达路侧停车段,3,0,0,0
2026-06-17,18,城关区,1,市民中心地下停车场,6,0,0,0
2026-06-17,18,江南区,2,滨江路立体停车楼,4,0,0,0
2026-06-17,18,高新区,3,高新万达路侧停车段,3,0,0,0
2026-06-17,19,城关区,1,市民中心地下停车场,6,0,0,0
2026-06-17,19,江南区,2,滨江路立体停车楼,4,0,0,0
2026-06-17,19,高新区,3,高新万达路侧停车段,3,0,0,0
2026-06-17,20,城关区,1,市民中心地下停车场,6,0,0,0
2026-06-17,20,江南区,2,滨江路立体停车楼,4,0,0,0
2026-06-17,20,高新区,3,高新万达路侧停车段,3,0,0,0
2026-06-17,21,城关区,1,市民中心地下停车场,6,0,0,0
2026-06-17,21,江南区,2,滨江路立体停车楼,4,0,0,0
2026-06-17,21,高新区,3,高新万达路侧停车段,3,0,0,0
2026-06-17,22,城关区,1,市民中心地下停车场,6,0,0,0
2026-06-17,22,江南区,2,滨江路立体停车楼,4,0,0,0
2026-06-17,22,高新区,3,高新万达路侧停车段,3,0,0,0
2026-06-17,23,城关区,1,市民中心地下停车场,6,0,0,0
2026-06-17,23,江南区,2,滨江路立体停车楼,4,0,0,0
2026-06-17,23,高新区,3,高新万达路侧停车段,3,0,0,0
2026-06-18,0,城关区,1,市民中心地下停车场,6,0,0,0
2026-06-18,0,江南区,2,滨江路立体停车楼,4,0,0,0
2026-06-18,0,高新区,3,高新万达路侧停车段,3,0,0,0
2026-06-18,1,城关区,1,市民中心地下停车场,6,0,0,0
2026-06-18,1,江南区,2,滨江路立体停车楼,4,0,0,0
2026-06-18,1,高新区,3,高新万达路侧停车段,3,0,0,0
2026-06-18,2,城关区,1,市民中心地下停车场,6,0,0,0
2026-06-18,2,江南区,2,滨江路立体停车楼,4,0,0,0
2026-06-18,2,高新区,3,高新万达路侧停车段,3,0,0,0
2026-06-18,3,城关区,1,市民中心地下停车场,6,0,0,0
2026-06-18,3,江南区,2,滨江路立体停车楼,4,0,0,0
2026-06-18,3,高新区,3,高新万达路侧停车段,3,0,0,0
2026-06-18,4,城关区,1,市民中心地下停车场,6,0,0,0
2026-06-18,4,江南区,2,滨江路立体停车楼,4,0,0,0
2026-06-18,4,高新区,3,高新万达路侧停车段,3,0,0,0
2026-06-18,5,城关区,1,市民中心地下停车场,6,0,0,0
2026-06-18,5,江南区,2,滨江路立体停车楼,4,0,0,0
2026-06-18,5,高新区,3,高新万达路侧停车段,3,0,0,0
2026-06-18,6,城关区,1,市民中心地下停车场,6,0,0,0
2026-06-18,6,江南区,2,滨江路立体停车楼,4,0,0,0
2026-06-18,6,高新区,3,高新万达路侧停车段,3,0,0,0
2026-06-18,7,城关区,1,市民中心地下停车场,6,0,0,0
2026-06-18,7,江南区,2,滨江路立体停车楼,4,0,0,0
2026-06-18,7,高新区,3,高新万达路侧停车段,3,0,0,0
2026-06-18,8,城关区,1,市民中心地下停车场,6,0,0,0
2026-06-18,8,江南区,2,滨江路立体停车楼,4,0,0,0
2026-06-18,8,高新区,3,高新万达路侧停车段,3,0,0,0
2026-06-18,9,城关区,1,市民中心地下停车场,6,0,0,0
2026-06-18,9,江南区,2,滨江路立体停车楼,4,0,0,0
2026-06-18,9,高新区,3,高新万达路侧停车段,3,0,0,0
2026-06-18,10,城关区,1,市民中心地下停车场,6,0,0,0
2026-06-18,10,江南区,2,滨江路立体停车楼,4,0,0,0
2026-06-18,10,高新区,3,高新万达路侧停车段,3,0,0,0
2026-06-18,11,城关区,1,市民中心地下停车场,6,0,0,0
2026-06-18,11,江南区,2,滨江路立体停车楼,4,0,0,0
2026-06-18,11,高新区,3,高新万达路侧停车段,3,0,0,0
2026-06-18,12,城关区,1,市民中心地下停车场,6,0,0,0
2026-06-18,12,江南区,2,滨江路立体停车楼,4,0,0,0
2026-06-18,12,高新区,3,高新万达路侧停车段,3,0,0,0
2026-06-18,13,城关区,1,市民中心地下停车场,6,0,0,0
2026-06-18,13,江南区,2,滨江路立体停车楼,4,0,0,0
2026-06-18,13,高新区,3,高新万达路侧停车段,3,0,0,0
2026-06-18,14,城关区,1,市民中心地下停车场,6,0,0,0
2026-06-18,14,江南区,2,滨江路立体停车楼,4,0,0,0
2026-06-18,14,高新区,3,高新万达路侧停车段,3,0,0,0
2026-06-18,15,城关区,1,市民中心地下停车场,6,0,0,0
2026-06-18,15,江南区,2,滨江路立体停车楼,4,0,0,0
2026-06-18,15,高新区,3,高新万达路侧停车段,3,0,0,0
2026-06-18,16,城关区,1,市民中心地下停车场,6,0,0,0
2026-06-18,16,江南区,2,滨江路立体停车楼,4,0,0,0
2026-06-18,16,高新区,3,高新万达路侧停车段,3,0,0,0
2026-06-18,17,城关区,1,市民中心地下停车场,6,0,0,0
2026-06-18,17,江南区,2,滨江路立体停车楼,4,0,0,0
2026-06-18,17,高新区,3,高新万达路侧停车段,3,0,0,0
2026-06-18,18,城关区,1,市民中心地下停车场,6,0,0,0
2026-06-18,18,江南区,2,滨江路立体停车楼,4,0,0,0
2026-06-18,18,高新区,3,高新万达路侧停车段,3,0,0,0
2026-06-18,19,城关区,1,市民中心地下停车场,6,0,0,0
2026-06-18,19,江南区,2,滨江路立体停车楼,4,0,0,0
2026-06-18,19,高新区,3,高新万达路侧停车段,3,0,0,0
2026-06-18,20,城关区,1,市民中心地下停车场,6,0,0,0
2026-06-18,20,江南区,2,滨江路立体停车楼,4,0,0,0
2026-06-18,20,高新区,3,高新万达路侧停车段,3,0,0,0
2026-06-18,21,城关区,1,市民中心地下停车场,6,0,0,0
2026-06-18,21,江南区,2,滨江路立体停车楼,4,0,0,0
2026-06-18,21,高新区,3,高新万达路侧停车段,3,0,0,0
2026-06-18,22,城关区,1,市民中心地下停车场,6,0,0,0
2026-06-18,22,江南区,2,滨江路立体停车楼,4,0,0,0
2026-06-18,22,高新区,3,高新万达路侧停车段,3,0,0,0
2026-06-18,23,城关区,1,市民中心地下停车场,6,0,0,0
2026-06-18,23,江南区,2,滨江路立体停车楼,4,0,0,0
2026-06-18,23,高新区,3,高新万达路侧停车段,3,0,0,0
2026-06-19,0,城关区,1,市民中心地下停车场,6,0,0,0
2026-06-19,0,江南区,2,滨江路立体停车楼,4,0,0,0
2026-06-19,0,高新区,3,高新万达路侧停车段,3,0,0,0
2026-06-19,1,城关区,1,市民中心地下停车场,6,0,0,0
2026-06-19,1,江南区,2,滨江路立体停车楼,4,0,0,0
2026-06-19,1,高新区,3,高新万达路侧停车段,3,0,0,0
2026-06-19,2,城关区,1,市民中心地下停车场,6,0,0,0
2026-06-19,2,江南区,2,滨江路立体停车楼,4,0,0,0
2026-06-19,2,高新区,3,高新万达路侧停车段,3,0,0,0
2026-06-19,3,城关区,1,市民中心地下停车场,6,0,0,0
2026-06-19,3,江南区,2,滨江路立体停车楼,4,0,0,0
2026-06-19,3,高新区,3,高新万达路侧停车段,3,0,0,0
2026-06-19,4,城关区,1,市民中心地下停车场,6,0,0,0
2026-06-19,4,江南区,2,滨江路立体停车楼,4,0,0,0
2026-06-19,4,高新区,3,高新万达路侧停车段,3,0,0,0
2026-06-19,5,城关区,1,市民中心地下停车场,6,0,0,0
2026-06-19,5,江南区,2,滨江路立体停车楼,4,0,0,0
2026-06-19,5,高新区,3,高新万达路侧停车段,3,0,0,0
2026-06-19,6,城关区,1,市民中心地下停车场,6,0,0,0
2026-06-19,6,江南区,2,滨江路立体停车楼,4,0,0,0
2026-06-19,6,高新区,3,高新万达路侧停车段,3,0,0,0
2026-06-19,7,城关区,1,市民中心地下停车场,6,0,0,0
2026-06-19,7,江南区,2,滨江路立体停车楼,4,0,0,0
2026-06-19,7,高新区,3,高新万达路侧停车段,3,0,0,0
2026-06-19,8,城关区,1,市民中心地下停车场,6,0,0,0
2026-06-19,8,江南区,2,滨江路立体停车楼,4,0,0,0
2026-06-19,8,高新区,3,高新万达路侧停车段,3,0,0,0
2026-06-19,9,城关区,1,市民中心地下停车场,6,0,0,0
2026-06-19,9,江南区,2,滨江路立体停车楼,4,0,0,0
2026-06-19,9,高新区,3,高新万达路侧停车段,3,0,0,0
2026-06-19,10,城关区,1,市民中心地下停车场,6,0,0,0
2026-06-19,10,江南区,2,滨江路立体停车楼,4,0,0,0
2026-06-19,10,高新区,3,高新万达路侧停车段,3,0,0,0
2026-06-19,11,城关区,1,市民中心地下停车场,6,0,0,0
2026-06-19,11,江南区,2,滨江路立体停车楼,4,0,0,0
2026-06-19,11,高新区,3,高新万达路侧停车段,3,0,0,0
2026-06-19,12,城关区,1,市民中心地下停车场,6,0,0,0
2026-06-19,12,江南区,2,滨江路立体停车楼,4,0,0,0
2026-06-19,12,高新区,3,高新万达路侧停车段,3,0,0,0
2026-06-19,13,城关区,1,市民中心地下停车场,6,0,0,0
2026-06-19,13,江南区,2,滨江路立体停车楼,4,0,0,0
2026-06-19,13,高新区,3,高新万达路侧停车段,3,0,0,0
2026-06-19,14,城关区,1,市民中心地下停车场,6,0,0,0
2026-06-19,14,江南区,2,滨江路立体停车楼,4,0,0,0
2026-06-19,14,高新区,3,高新万达路侧停车段,3,0,0,0
2026-06-19,15,城关区,1,市民中心地下停车场,6,0,0,0
2026-06-19,15,江南区,2,滨江路立体停车楼,4,0,0,0
2026-06-19,15,高新区,3,高新万达路侧停车段,3,0,0,0
2026-06-19,16,城关区,1,市民中心地下停车场,6,0,0,0
2026-06-19,16,江南区,2,滨江路立体停车楼,4,0,0,0
2026-06-19,16,高新区,3,高新万达路侧停车段,3,0,0,0
2026-06-19,17,城关区,1,市民中心地下停车场,6,0,0,0
2026-06-19,17,江南区,2,滨江路立体停车楼,4,0,0,0
2026-06-19,17,高新区,3,高新万达路侧停车段,3,0,0,0
2026-06-19,18,城关区,1,市民中心地下停车场,6,0,0,0
2026-06-19,18,江南区,2,滨江路立体停车楼,4,0,0,0
2026-06-19,18,高新区,3,高新万达路侧停车段,3,0,0,0
2026-06-19,19,城关区,1,市民中心地下停车场,6,0,0,0
2026-06-19,19,江南区,2,滨江路立体停车楼,4,0,0,0
2026-06-19,19,高新区,3,高新万达路侧停车段,3,0,0,0
2026-06-19,20,城关区,1,市民中心地下停车场,6,0,0,0
2026-06-19,20,江南区,2,滨江路立体停车楼,4,0,0,0
2026-06-19,20,高新区,3,高新万达路侧停车段,3,0,0,0
2026-06-19,21,城关区,1,市民中心地下停车场,6,0,0,0
2026-06-19,21,江南区,2,滨江路立体停车楼,4,0,0,0
2026-06-19,21,高新区,3,高新万达路侧停车段,3,0,0,0
2026-06-19,22,城关区,1,市民中心地下停车场,6,0,0,0
2026-06-19,22,江南区,2,滨江路立体停车楼,4,0,0,0
2026-06-19,22,高新区,3,高新万达路侧停车段,3,0,0,0
2026-06-19,23,城关区,1,市民中心地下停车场,6,0,0,0
2026-06-19,23,江南区,2,滨江路立体停车楼,4,0,0,0
2026-06-19,23,高新区,3,高新万达路侧停车段,3,0,0,0
2026-06-20,0,城关区,1,市民中心地下停车场,6,0,0,0
2026-06-20,0,江南区,2,滨江路立体停车楼,4,0,0,0
2026-06-20,0,高新区,3,高新万达路侧停车段,3,0,0,0
2026-06-20,1,城关区,1,市民中心地下停车场,6,0,0,0
2026-06-20,1,江南区,2,滨江路立体停车楼,4,0,0,0
2026-06-20,1,高新区,3,高新万达路侧停车段,3,0,0,0
2026-06-20,2,城关区,1,市民中心地下停车场,6,0,0,0
2026-06-20,2,江南区,2,滨江路立体停车楼,4,0,0,0
2026-06-20,2,高新区,3,高新万达路侧停车段,3,0,0,0
2026-06-20,3,城关区,1,市民中心地下停车场,6,0,0,0
2026-06-20,3,江南区,2,滨江路立体停车楼,4,0,0,0
2026-06-20,3,高新区,3,高新万达路侧停车段,3,0,0,0
2026-06-20,4,城关区,1,市民中心地下停车场,6,0,0,0
2026-06-20,4,江南区,2,滨江路立体停车楼,4,0,0,0
2026-06-20,4,高新区,3,高新万达路侧停车段,3,0,0,0
2026-06-20,5,城关区,1,市民中心地下停车场,6,0,0,0
2026-06-20,5,江南区,2,滨江路立体停车楼,4,0,0,0
2026-06-20,5,高新区,3,高新万达路侧停车段,3,0,0,0
2026-06-20,6,城关区,1,市民中心地下停车场,6,0,0,0
2026-06-20,6,江南区,2,滨江路立体停车楼,4,0,0,0
2026-06-20,6,高新区,3,高新万达路侧停车段,3,0,0,0
2026-06-20,7,城关区,1,市民中心地下停车场,6,0,0,0
2026-06-20,7,江南区,2,滨江路立体停车楼,4,0,0,0
2026-06-20,7,高新区,3,高新万达路侧停车段,3,0,0,0
2026-06-20,8,城关区,1,市民中心地下停车场,6,0,0,0
2026-06-20,8,江南区,2,滨江路立体停车楼,4,0,0,0
2026-06-20,8,高新区,3,高新万达路侧停车段,3,0,0,0
2026-06-20,9,城关区,1,市民中心地下停车场,6,0,0,0
2026-06-20,9,江南区,2,滨江路立体停车楼,4,0,0,0
2026-06-20,9,高新区,3,高新万达路侧停车段,3,0,0,0
2026-06-20,10,城关区,1,市民中心地下停车场,6,0,0,0
2026-06-20,10,江南区,2,滨江路立体停车楼,4,0,0,0
2026-06-20,10,高新区,3,高新万达路侧停车段,3,0,0,0
2026-06-20,11,城关区,1,市民中心地下停车场,6,0,0,0
2026-06-20,11,江南区,2,滨江路立体停车楼,4,0,0,0
2026-06-20,11,高新区,3,高新万达路侧停车段,3,0,0,0
2026-06-20,12,城关区,1,市民中心地下停车场,6,0,0,0
2026-06-20,12,江南区,2,滨江路立体停车楼,4,0,0,0
2026-06-20,12,高新区,3,高新万达路侧停车段,3,0,0,0
2026-06-20,13,城关区,1,市民中心地下停车场,6,0,0,0
2026-06-20,13,江南区,2,滨江路立体停车楼,4,0,0,0
2026-06-20,13,高新区,3,高新万达路侧停车段,3,0,0,0
2026-06-20,14,城关区,1,市民中心地下停车场,6,0,0,0
2026-06-20,14,江南区,2,滨江路立体停车楼,4,0,0,0
2026-06-20,14,高新区,3,高新万达路侧停车段,3,0,0,0
2026-06-20,15,城关区,1,市民中心地下停车场,6,0,0,0
2026-06-20,15,江南区,2,滨江路立体停车楼,4,0,0,0
2026-06-20,15,高新区,3,高新万达路侧停车段,3,0,0,0
2026-06-20,16,城关区,1,市民中心地下停车场,6,0,0,0
2026-06-20,16,江南区,2,滨江路立体停车楼,4,0,0,0
2026-06-20,16,高新区,3,高新万达路侧停车段,3,0,0,0
2026-06-20,17,城关区,1,市民中心地下停车场,6,0,0,0
2026-06-20,17,江南区,2,滨江路立体停车楼,4,0,0,0
2026-06-20,17,高新区,3,高新万达路侧停车段,3,0,0,0
2026-06-20,18,城关区,1,市民中心地下停车场,6,0,0,0
2026-06-20,18,江南区,2,滨江路立体停车楼,4,0,0,0
2026-06-20,18,高新区,3,高新万达路侧停车段,3,0,0,0
2026-06-20,19,城关区,1,市民中心地下停车场,6,0,0,0
2026-06-20,19,江南区,2,滨江路立体停车楼,4,0,0,0
2026-06-20,19,高新区,3,高新万达路侧停车段,3,0,0,0
2026-06-20,20,城关区,1,市民中心地下停车场,6,0,0,0
2026-06-20,20,江南区,2,滨江路立体停车楼,4,0,0,0
2026-06-20,20,高新区,3,高新万达路侧停车段,3,0,0,0
2026-06-20,21,城关区,1,市民中心地下停车场,6,0,0,0
2026-06-20,21,江南区,2,滨江路立体停车楼,4,0,0,0
2026-06-20,21,高新区,3,高新万达路侧停车段,3,0,0,0
2026-06-20,22,城关区,1,市民中心地下停车场,6,0,0,0
2026-06-20,22,江南区,2,滨江路立体停车楼,4,0,0,0
2026-06-20,22,高新区,3,高新万达路侧停车段,3,0,0,0
2026-06-20,23,城关区,1,市民中心地下停车场,6,0,0,0
2026-06-20,23,江南区,2,滨江路立体停车楼,4,0,0,0
2026-06-20,23,高新区,3,高新万达路侧停车段,3,0,0,0
2026-06-21,0,城关区,1,市民中心地下停车场,6,0,0,0
2026-06-21,0,江南区,2,滨江路立体停车楼,4,0,0,0
2026-06-21,0,高新区,3,高新万达路侧停车段,3,0,0,0
2026-06-21,1,城关区,1,市民中心地下停车场,6,0,0,0
2026-06-21,1,江南区,2,滨江路立体停车楼,4,0,0,0
2026-06-21,1,高新区,3,高新万达路侧停车段,3,0,0,0
2026-06-21,2,城关区,1,市民中心地下停车场,6,0,0,0
2026-06-21,2,江南区,2,滨江路立体停车楼,4,0,0,0
2026-06-21,2,高新区,3,高新万达路侧停车段,3,0,0,0
2026-06-21,3,城关区,1,市民中心地下停车场,6,0,0,0
2026-06-21,3,江南区,2,滨江路立体停车楼,4,0,0,0
2026-06-21,3,高新区,3,高新万达路侧停车段,3,0,0,0
2026-06-21,4,城关区,1,市民中心地下停车场,6,0,0,0
2026-06-21,4,江南区,2,滨江路立体停车楼,4,0,0,0
2026-06-21,4,高新区,3,高新万达路侧停车段,3,0,0,0
2026-06-21,5,城关区,1,市民中心地下停车场,6,0,0,0
2026-06-21,5,江南区,2,滨江路立体停车楼,4,0,0,0
2026-06-21,5,高新区,3,高新万达路侧停车段,3,0,0,0
2026-06-21,6,城关区,1,市民中心地下停车场,6,0,0,0
2026-06-21,6,江南区,2,滨江路立体停车楼,4,0,0,0
2026-06-21,6,高新区,3,高新万达路侧停车段,3,0,0,0
2026-06-21,7,城关区,1,市民中心地下停车场,6,0,0,0
2026-06-21,7,江南区,2,滨江路立体停车楼,4,0,0,0
2026-06-21,7,高新区,3,高新万达路侧停车段,3,0,0,0
2026-06-21,8,城关区,1,市民中心地下停车场,6,0,0,0
2026-06-21,8,江南区,2,滨江路立体停车楼,4,0,0,0
2026-06-21,8,高新区,3,高新万达路侧停车段,3,0,0,0
2026-06-21,9,城关区,1,市民中心地下停车场,6,0,0,0
2026-06-21,9,江南区,2,滨江路立体停车楼,4,0,0,0
2026-06-21,9,高新区,3,高新万达路侧停车段,3,0,0,0
2026-06-21,10,城关区,1,市民中心地下停车场,6,0,0,0
2026-06-21,10,江南区,2,滨江路立体停车楼,4,0,0,0
2026-06-21,10,高新区,3,高新万达路侧停车段,3,0,0,0
2026-06-21,11,城关区,1,市民中心地下停车场,6,0,0,0
2026-06-21,11,江南区,2,滨江路立体停车楼,4,0,0,0
2026-06-21,11,高新区,3,高新万达路侧停车段,3,0,0,0
2026-06-21,12,城关区,1,市民中心地下停车场,6,0,0,0
2026-06-21,12,江南区,2,滨江路立体停车楼,4,0,0,0
2026-06-21,12,高新区,3,高新万达路侧停车段,3,0,0,0
2026-06-21,13,城关区,1,市民中心地下停车场,6,0,0,0
2026-06-21,13,江南区,2,滨江路立体停车楼,4,0,0,0
2026-06-21,13,高新区,3,高新万达路侧停车段,3,0,0,0
2026-06-21,14,城关区,1,市民中心地下停车场,6,0,0,0
2026-06-21,14,江南区,2,滨江路立体停车楼,4,0,0,0
2026-06-21,14,高新区,3,高新万达路侧停车段,3,0,0,0
2026-06-21,15,城关区,1,市民中心地下停车场,6,0,0,0
2026-06-21,15,江南区,2,滨江路立体停车楼,4,0,0,0
2026-06-21,15,高新区,3,高新万达路侧停车段,3,0,0,0
2026-06-21,16,城关区,1,市民中心地下停车场,6,0,0,0
2026-06-21,16,江南区,2,滨江路立体停车楼,4,0,0,0
2026-06-21,16,高新区,3,高新万达路侧停车段,3,0,0,0
2026-06-21,17,城关区,1,市民中心地下停车场,6,0,0,0
2026-06-21,17,江南区,2,滨江路立体停车楼,4,0,0,0
2026-06-21,17,高新区,3,高新万达路侧停车段,3,0,0,0
2026-06-21,18,城关区,1,市民中心地下停车场,6,0,0,0
2026-06-21,18,江南区,2,滨江路立体停车楼,4,0,0,0
2026-06-21,18,高新区,3,高新万达路侧停车段,3,0,0,0
2026-06-21,19,城关区,1,市民中心地下停车场,6,0,0,0
2026-06-21,19,江南区,2,滨江路立体停车楼,4,0,0,0
2026-06-21,19,高新区,3,高新万达路侧停车段,3,0,0,0
2026-06-21,20,城关区,1,市民中心地下停车场,6,0,0,0
2026-06-21,20,江南区,2,滨江路立体停车楼,4,0,0,0
2026-06-21,20,高新区,3,高新万达路侧停车段,3,0,0,0
2026-06-21,21,城关区,1,市民中心地下停车场,6,0,0,0
2026-06-21,21,江南区,2,滨江路立体停车楼,4,0,0,0
2026-06-21,21,高新区,3,高新万达路侧停车段,3,0,0,0
2026-06-21,22,城关区,1,市民中心地下停车场,6,0,0,0
2026-06-21,22,江南区,2,滨江路立体停车楼,4,0,0,0
2026-06-21,22,高新区,3,高新万达路侧停车段,3,0,0,0
2026-06-21,23,城关区,1,市民中心地下停车场,6,0,0,0
2026-06-21,23,江南区,2,滨江路立体停车楼,4,0,0,0
2026-06-21,23,高新区,3,高新万达路侧停车段,3,0,0,0
2026-06-22,0,城关区,1,市民中心地下停车场,6,0,0,0
2026-06-22,0,江南区,2,滨江路立体停车楼,4,0,0,0
2026-06-22,0,高新区,3,高新万达路侧停车段,3,0,0,0
2026-06-22,1,城关区,1,市民中心地下停车场,6,0,0,0
2026-06-22,1,江南区,2,滨江路立体停车楼,4,0,0,0
2026-06-22,1,高新区,3,高新万达路侧停车段,3,0,0,0
2026-06-22,2,城关区,1,市民中心地下停车场,6,0,0,0
2026-06-22,2,江南区,2,滨江路立体停车楼,4,0,0,0
2026-06-22,2,高新区,3,高新万达路侧停车段,3,0,0,0
2026-06-22,3,城关区,1,市民中心地下停车场,6,0,0,0
2026-06-22,3,江南区,2,滨江路立体停车楼,4,0,0,0
2026-06-22,3,高新区,3,高新万达路侧停车段,3,0,0,0
2026-06-22,4,城关区,1,市民中心地下停车场,6,0,0,0
2026-06-22,4,江南区,2,滨江路立体停车楼,4,0,0,0
2026-06-22,4,高新区,3,高新万达路侧停车段,3,0,0,0
2026-06-22,5,城关区,1,市民中心地下停车场,6,0,0,0
2026-06-22,5,江南区,2,滨江路立体停车楼,4,0,0,0
2026-06-22,5,高新区,3,高新万达路侧停车段,3,0,0,0
2026-06-22,6,城关区,1,市民中心地下停车场,6,0,0,0
2026-06-22,6,江南区,2,滨江路立体停车楼,4,0,0,0
2026-06-22,6,高新区,3,高新万达路侧停车段,3,0,0,0
2026-06-22,7,城关区,1,市民中心地下停车场,6,0,0,0
2026-06-22,7,江南区,2,滨江路立体停车楼,4,0,0,0
2026-06-22,7,高新区,3,高新万达路侧停车段,3,0,0,0
2026-06-22,8,城关区,1,市民中心地下停车场,6,0,0,0
2026-06-22,8,江南区,2,滨江路立体停车楼,4,0,0,0
2026-06-22,8,高新区,3,高新万达路侧停车段,3,0,0,0
2026-06-22,9,城关区,1,市民中心地下停车场,6,0,0,0
2026-06-22,9,江南区,2,滨江路立体停车楼,4,0,0,0
2026-06-22,9,高新区,3,高新万达路侧停车段,3,0,0,0
2026-06-22,10,城关区,1,市民中心地下停车场,6,0,0,0
2026-06-22,10,江南区,2,滨江路立体停车楼,4,0,0,0
2026-06-22,10,高新区,3,高新万达路侧停车段,3,0,0,0
2026-06-22,11,城关区,1,市民中心地下停车场,6,0,0,0
2026-06-22,11,江南区,2,滨江路立体停车楼,4,0,0,0
2026-06-22,11,高新区,3,高新万达路侧停车段,3,0,0,0
2026-06-22,12,城关区,1,市民中心地下停车场,6,0,0,0
2026-06-22,12,江南区,2,滨江路立体停车楼,4,0,0,0
2026-06-22,12,高新区,3,高新万达路侧停车段,3,0,0,0
2026-06-22,13,城关区,1,市民中心地下停车场,6,0,0,0
2026-06-22,13,江南区,2,滨江路立体停车楼,4,0,0,0
2026-06-22,13,高新区,3,高新万达路侧停车段,3,0,0,0
2026-06-22,14,城关区,1,市民中心地下停车场,6,0,0,0
2026-06-22,14,江南区,2,滨江路立体停车楼,4,0,0,0
2026-06-22,14,高新区,3,高新万达路侧停车段,3,0,0,0
2026-06-22,15,城关区,1,市民中心地下停车场,6,0,0,0
2026-06-22,15,江南区,2,滨江路立体停车楼,4,0,0,0
2026-06-22,15,高新区,3,高新万达路侧停车段,3,0,0,0
2026-06-22,16,城关区,1,市民中心地下停车场,6,0,0,0
2026-06-22,16,江南区,2,滨江路立体停车楼,4,0,0,0
2026-06-22,16,高新区,3,高新万达路侧停车段,3,0,0,0
2026-06-22,17,城关区,1,市民中心地下停车场,6,0,0,0
2026-06-22,17,江南区,2,滨江路立体停车楼,4,0,0,0
2026-06-22,17,高新区,3,高新万达路侧停车段,3,0,0,0
2026-06-22,18,城关区,1,市民中心地下停车场,6,0,0,0
2026-06-22,18,江南区,2,滨江路立体停车楼,4,0,0,0
2026-06-22,18,高新区,3,高新万达路侧停车段,3,0,0,0
2026-06-22,19,城关区,1,市民中心地下停车场,6,0,0,0
2026-06-22,19,江南区,2,滨江路立体停车楼,4,0,0,0
2026-06-22,19,高新区,3,高新万达路侧停车段,3,0,0,0
2026-06-22,20,城关区,1,市民中心地下停车场,6,0,0,0
2026-06-22,20,江南区,2,滨江路立体停车楼,4,0,0,0
2026-06-22,20,高新区,3,高新万达路侧停车段,3,0,0,0
2026-06-22,21,城关区,1,市民中心地下停车场,6,0,0,0
2026-06-22,21,江南区,2,滨江路立体停车楼,4,0,0,0
2026-06-22,21,高新区,3,高新万达路侧停车段,3,0,0,0
2026-06-22,22,城关区,1,市民中心地下停车场,6,0,0,0
2026-06-22,22,江南区,2,滨江路立体停车楼,4,0,0,0
2026-06-22,22,高新区,3,高新万达路侧停车段,3,0,0,0
2026-06-22,23,城关区,1,市民中心地下停车场,6,0,0,0
2026-06-22,23,江南区,2,滨江路立体停车楼,4,0,0,0
2026-06-22,23,高新区,3,高新万达路侧停车段,3,0,0,0
2026-06-23,0,城关区,1,市民中心地下停车场,6,0,0,0
2026-06-23,0,江南区,2,滨江路立体停车楼,4,0,0,0
2026-06-23,0,高新区,3,高新万达路侧停车段,3,0,0,0
2026-06-23,1,城关区,1,市民中心地下停车场,6,0,0,0
2026-06-23,1,江南区,2,滨江路立体停车楼,4,0,0,0
2026-06-23,1,高新区,3,高新万达路侧停车段,3,0,0,0
2026-06-23,2,城关区,1,市民中心地下停车场,6,0,0,0
2026-06-23,2,江南区,2,滨江路立体停车楼,4,0,0,0
2026-06-23,2,高新区,3,高新万达路侧停车段,3,0,0,0
2026-06-23,3,城关区,1,市民中心地下停车场,6,0,0,0
2026-06-23,3,江南区,2,滨江路立体停车楼,4,0,0,0
2026-06-23,3,高新区,3,高新万达路侧停车段,3,0,0,0
2026-06-23,4,城关区,1,市民中心地下停车场,6,0,0,0
2026-06-23,4,江南区,2,滨江路立体停车楼,4,0,0,0
2026-06-23,4,高新区,3,高新万达路侧停车段,3,0,0,0
2026-06-23,5,城关区,1,市民中心地下停车场,6,0,0,0
2026-06-23,5,江南区,2,滨江路立体停车楼,4,0,0,0
2026-06-23,5,高新区,3,高新万达路侧停车段,3,0,0,0
2026-06-23,6,城关区,1,市民中心地下停车场,6,0,0,0
2026-06-23,6,江南区,2,滨江路立体停车楼,4,0,0,0
2026-06-23,6,高新区,3,高新万达路侧停车段,3,0,0,0
2026-06-23,7,城关区,1,市民中心地下停车场,6,0,0,0
2026-06-23,7,江南区,2,滨江路立体停车楼,4,0,0,0
2026-06-23,7,高新区,3,高新万达路侧停车段,3,0,0,0
2026-06-23,8,城关区,1,市民中心地下停车场,6,0,0,0
2026-06-23,8,江南区,2,滨江路立体停车楼,4,0,0,0
2026-06-23,8,高新区,3,高新万达路侧停车段,3,0,0,0
2026-06-23,9,城关区,1,市民中心地下停车场,6,0,0,0
2026-06-23,9,江南区,2,滨江路立体停车楼,4,0,0,0
2026-06-23,9,高新区,3,高新万达路侧停车段,3,0,0,0
2026-06-23,10,城关区,1,市民中心地下停车场,6,0,0,0
2026-06-23,10,江南区,2,滨江路立体停车楼,4,0,0,0
2026-06-23,10,高新区,3,高新万达路侧停车段,3,0,0,0
2026-06-23,11,城关区,1,市民中心地下停车场,6,0,0,0
2026-06-23,11,江南区,2,滨江路立体停车楼,4,0,0,0
2026-06-23,11,高新区,3,高新万达路侧停车段,3,0,0,0
2026-06-23,12,城关区,1,市民中心地下停车场,6,0,0,0
2026-06-23,12,江南区,2,滨江路立体停车楼,4,0,0,0
2026-06-23,12,高新区,3,高新万达路侧停车段,3,0,0,0
2026-06-23,13,城关区,1,市民中心地下停车场,6,0,0,0
2026-06-23,13,江南区,2,滨江路立体停车楼,4,0,0,0
2026-06-23,13,高新区,3,高新万达路侧停车段,3,0,0,0
2026-06-23,14,城关区,1,市民中心地下停车场,6,0,0,0
2026-06-23,14,江南区,2,滨江路立体停车楼,4,0,0,0
2026-06-23,14,高新区,3,高新万达路侧停车段,3,0,0,0
2026-06-23,15,城关区,1,市民中心地下停车场,6,0,0,0
2026-06-23,15,江南区,2,滨江路立体停车楼,4,0,0,0
2026-06-23,15,高新区,3,高新万达路侧停车段,3,0,0,0
2026-06-23,16,城关区,1,市民中心地下停车场,6,0,0,0
2026-06-23,16,江南区,2,滨江路立体停车楼,4,0,0,0
2026-06-23,16,高新区,3,高新万达路侧停车段,3,0,0,0
2026-06-23,17,城关区,1,市民中心地下停车场,6,0,0,0
2026-06-23,17,江南区,2,滨江路立体停车楼,4,0,0,0
2026-06-23,17,高新区,3,高新万达路侧停车段,3,0,0,0
2026-06-23,18,城关区,1,市民中心地下停车场,6,0,0,0
2026-06-23,18,江南区,2,滨江路立体停车楼,4,0,0,0
2026-06-23,18,高新区,3,高新万达路侧停车段,3,0,0,0
2026-06-23,19,城关区,1,市民中心地下停车场,6,0,0,0
2026-06-23,19,江南区,2,滨江路立体停车楼,4,0,0,0
2026-06-23,19,高新区,3,高新万达路侧停车段,3,0,0,0
2026-06-23,20,城关区,1,市民中心地下停车场,6,0,0,0
2026-06-23,20,江南区,2,滨江路立体停车楼,4,0,0,0
2026-06-23,20,高新区,3,高新万达路侧停车段,3,0,0,0
2026-06-23,21,城关区,1,市民中心地下停车场,6,0,0,0
2026-06-23,21,江南区,2,滨江路立体停车楼,4,0,0,0
2026-06-23,21,高新区,3,高新万达路侧停车段,3,0,0,0
2026-06-23,22,城关区,1,市民中心地下停车场,6,0,0,0
2026-06-23,22,江南区,2,滨江路立体停车楼,4,0,0,0
2026-06-23,22,高新区,3,高新万达路侧停车段,3,0,0,0
2026-06-23,23,城关区,1,市民中心地下停车场,6,0,0,0
2026-06-23,23,江南区,2,滨江路立体停车楼,4,0,0,0
2026-06-23,23,高新区,3,高新万达路侧停车段,3,0,0,0
2026-06-24,0,城关区,1,市民中心地下停车场,6,0,0,0
2026-06-24,0,江南区,2,滨江路立体停车楼,4,0,0,0
2026-06-24,0,高新区,3,高新万达路侧停车段,3,0,0,0
2026-06-24,1,城关区,1,市民中心地下停车场,6,0,0,0
2026-06-24,1,江南区,2,滨江路立体停车楼,4,0,0,0
2026-06-24,1,高新区,3,高新万达路侧停车段,3,0,0,0
2026-06-24,2,城关区,1,市民中心地下停车场,6,0,0,0
2026-06-24,2,江南区,2,滨江路立体停车楼,4,0,0,0
2026-06-24,2,高新区,3,高新万达路侧停车段,3,0,0,0
2026-06-24,3,城关区,1,市民中心地下停车场,6,0,0,0
2026-06-24,3,江南区,2,滨江路立体停车楼,4,0,0,0
2026-06-24,3,高新区,3,高新万达路侧停车段,3,0,0,0
2026-06-24,4,城关区,1,市民中心地下停车场,6,0,0,0
2026-06-24,4,江南区,2,滨江路立体停车楼,4,0,0,0
2026-06-24,4,高新区,3,高新万达路侧停车段,3,0,0,0
2026-06-24,5,城关区,1,市民中心地下停车场,6,0,0,0
2026-06-24,5,江南区,2,滨江路立体停车楼,4,0,0,0
2026-06-24,5,高新区,3,高新万达路侧停车段,3,0,0,0
2026-06-24,6,城关区,1,市民中心地下停车场,6,0,0,0
2026-06-24,6,江南区,2,滨江路立体停车楼,4,0,0,0
2026-06-24,6,高新区,3,高新万达路侧停车段,3,0,0,0
2026-06-24,7,城关区,1,市民中心地下停车场,6,0,0,0
2026-06-24,7,江南区,2,滨江路立体停车楼,4,0,0,0
2026-06-24,7,高新区,3,高新万达路侧停车段,3,0,0,0
2026-06-24,8,城关区,1,市民中心地下停车场,6,0,0,0
2026-06-24,8,江南区,2,滨江路立体停车楼,4,0,0,0
2026-06-24,8,高新区,3,高新万达路侧停车段,3,0,0,0
2026-06-24,9,城关区,1,市民中心地下停车场,6,0,0,0
2026-06-24,9,江南区,2,滨江路立体停车楼,4,0,0,0
2026-06-24,9,高新区,3,高新万达路侧停车段,3,0,0,0
2026-06-24,10,城关区,1,市民中心地下停车场,6,0,0,0
2026-06-24,10,江南区,2,滨江路立体停车楼,4,0,0,0
2026-06-24,10,高新区,3,高新万达路侧停车段,3,0,0,0
2026-06-24,11,城关区,1,市民中心地下停车场,6,0,0,0
2026-06-24,11,江南区,2,滨江路立体停车楼,4,0,0,0
2026-06-24,11,高新区,3,高新万达路侧停车段,3,0,0,0
2026-06-24,12,城关区,1,市民中心地下停车场,6,0,0,0
2026-06-24,12,江南区,2,滨江路立体停车楼,4,0,0,0
2026-06-24,12,高新区,3,高新万达路侧停车段,3,0,0,0
2026-06-24,13,城关区,1,市民中心地下停车场,6,0,0,0
2026-06-24,13,江南区,2,滨江路立体停车楼,4,0,0,0
2026-06-24,13,高新区,3,高新万达路侧停车段,3,0,0,0
2026-06-24,14,城关区,1,市民中心地下停车场,6,0,0,0
2026-06-24,14,江南区,2,滨江路立体停车楼,4,0,0,0
2026-06-24,14,高新区,3,高新万达路侧停车段,3,0,0,0
2026-06-24,15,城关区,1,市民中心地下停车场,6,0,0,0
2026-06-24,15,江南区,2,滨江路立体停车楼,4,0,0,0
2026-06-24,15,高新区,3,高新万达路侧停车段,3,0,0,0
2026-06-24,16,城关区,1,市民中心地下停车场,6,0,0,0
2026-06-24,16,江南区,2,滨江路立体停车楼,4,0,0,0
2026-06-24,16,高新区,3,高新万达路侧停车段,3,0,0,0
2026-06-24,17,城关区,1,市民中心地下停车场,6,0,0,0
2026-06-24,17,江南区,2,滨江路立体停车楼,4,0,0,0
2026-06-24,17,高新区,3,高新万达路侧停车段,3,0,0,0
2026-06-24,18,城关区,1,市民中心地下停车场,6,0,0,0
2026-06-24,18,江南区,2,滨江路立体停车楼,4,0,0,0
2026-06-24,18,高新区,3,高新万达路侧停车段,3,0,0,0
2026-06-24,19,城关区,1,市民中心地下停车场,6,0,0,0
2026-06-24,19,江南区,2,滨江路立体停车楼,4,0,0,0
2026-06-24,19,高新区,3,高新万达路侧停车段,3,0,0,0
2026-06-24,20,城关区,1,市民中心地下停车场,6,0,0,0
2026-06-24,20,江南区,2,滨江路立体停车楼,4,0,0,0
2026-06-24,20,高新区,3,高新万达路侧停车段,3,0,0,0
2026-06-24,21,城关区,1,市民中心地下停车场,6,0,0,0
2026-06-24,21,江南区,2,滨江路立体停车楼,4,0,0,0
2026-06-24,21,高新区,3,高新万达路侧停车段,3,0,0,0
2026-06-24,22,城关区,1,市民中心地下停车场,6,0,0,0
2026-06-24,22,江南区,2,滨江路立体停车楼,4,0,0,0
2026-06-24,22,高新区,3,高新万达路侧停车段,3,0,0,0
2026-06-24,23,城关区,1,市民中心地下停车场,6,0,0,0
2026-06-24,23,江南区,2,滨江路立体停车楼,4,0,0,0
2026-06-24,23,高新区,3,高新万达路侧停车段,3,0,0,0
2026-06-25,0,城关区,1,市民中心地下停车场,6,0,0,0
2026-06-25,0,江南区,2,滨江路立体停车楼,4,0,0,0
2026-06-25,0,高新区,3,高新万达路侧停车段,3,0,0,0
2026-06-25,1,城关区,1,市民中心地下停车场,6,0,0,0
2026-06-25,1,江南区,2,滨江路立体停车楼,4,0,0,0
2026-06-25,1,高新区,3,高新万达路侧停车段,3,0,0,0
2026-06-25,2,城关区,1,市民中心地下停车场,6,0,0,0
2026-06-25,2,江南区,2,滨江路立体停车楼,4,0,0,0
2026-06-25,2,高新区,3,高新万达路侧停车段,3,0,0,0
2026-06-25,3,城关区,1,市民中心地下停车场,6,0,0,0
2026-06-25,3,江南区,2,滨江路立体停车楼,4,0,0,0
2026-06-25,3,高新区,3,高新万达路侧停车段,3,0,0,0
2026-06-25,4,城关区,1,市民中心地下停车场,6,0,0,0
2026-06-25,4,江南区,2,滨江路立体停车楼,4,0,0,0
2026-06-25,4,高新区,3,高新万达路侧停车段,3,0,0,0
2026-06-25,5,城关区,1,市民中心地下停车场,6,0,0,0
2026-06-25,5,江南区,2,滨江路立体停车楼,4,0,0,0
2026-06-25,5,高新区,3,高新万达路侧停车段,3,0,0,0
2026-06-25,6,城关区,1,市民中心地下停车场,6,0,0,0
2026-06-25,6,江南区,2,滨江路立体停车楼,4,0,0,0
2026-06-25,6,高新区,3,高新万达路侧停车段,3,0,0,0
2026-06-25,7,城关区,1,市民中心地下停车场,6,0,0,0
2026-06-25,7,江南区,2,滨江路立体停车楼,4,0,0,0
2026-06-25,7,高新区,3,高新万达路侧停车段,3,0,0,0
2026-06-25,8,城关区,1,市民中心地下停车场,6,0,0,0
2026-06-25,8,江南区,2,滨江路立体停车楼,4,0,0,0
2026-06-25,8,高新区,3,高新万达路侧停车段,3,0,0,0
2026-06-25,9,城关区,1,市民中心地下停车场,6,0,0,0
2026-06-25,9,江南区,2,滨江路立体停车楼,4,0,0,0
2026-06-25,9,高新区,3,高新万达路侧停车段,3,0,0,0
2026-06-25,10,城关区,1,市民中心地下停车场,6,0,0,0
2026-06-25,10,江南区,2,滨江路立体停车楼,4,0,0,0
2026-06-25,10,高新区,3,高新万达路侧停车段,3,0,0,0
2026-06-25,11,城关区,1,市民中心地下停车场,6,0,0,0
2026-06-25,11,江南区,2,滨江路立体停车楼,4,0,0,0
2026-06-25,11,高新区,3,高新万达路侧停车段,3,0,0,0
2026-06-25,12,城关区,1,市民中心地下停车场,6,0,0,0
2026-06-25,12,江南区,2,滨江路立体停车楼,4,0,0,0
2026-06-25,12,高新区,3,高新万达路侧停车段,3,0,0,0
2026-06-25,13,城关区,1,市民中心地下停车场,6,0,0,0
2026-06-25,13,江南区,2,滨江路立体停车楼,4,0,0,0
2026-06-25,13,高新区,3,高新万达路侧停车段,3,0,0,0
2026-06-25,14,城关区,1,市民中心地下停车场,6,0,0,0
2026-06-25,14,江南区,2,滨江路立体停车楼,4,0,0,0
2026-06-25,14,高新区,3,高新万达路侧停车段,3,0,0,0
2026-06-25,15,城关区,1,市民中心地下停车场,6,0,0,0
2026-06-25,15,江南区,2,滨江路立体停车楼,4,0,0,0
2026-06-25,15,高新区,3,高新万达路侧停车段,3,0,0,0
2026-06-25,16,城关区,1,市民中心地下停车场,6,0,0,0
2026-06-25,16,江南区,2,滨江路立体停车楼,4,0,0,0
2026-06-25,16,高新区,3,高新万达路侧停车段,3,0,0,0
2026-06-25,17,城关区,1,市民中心地下停车场,6,0,0,0
2026-06-25,17,江南区,2,滨江路立体停车楼,4,0,0,0
2026-06-25,17,高新区,3,高新万达路侧停车段,3,0,0,0
2026-06-25,18,城关区,1,市民中心地下停车场,6,0,0,0
2026-06-25,18,江南区,2,滨江路立体停车楼,4,0,0,0
2026-06-25,18,高新区,3,高新万达路侧停车段,3,0,0,0
2026-06-25,19,城关区,1,市民中心地下停车场,6,0,0,0
2026-06-25,19,江南区,2,滨江路立体停车楼,4,0,0,0
2026-06-25,19,高新区,3,高新万达路侧停车段,3,0,0,0
2026-06-25,20,城关区,1,市民中心地下停车场,6,0,0,0
2026-06-25,20,江南区,2,滨江路立体停车楼,4,0,0,0
2026-06-25,20,高新区,3,高新万达路侧停车段,3,0,0,0
2026-06-25,21,城关区,1,市民中心地下停车场,6,0,0,0
2026-06-25,21,江南区,2,滨江路立体停车楼,4,0,0,0
2026-06-25,21,高新区,3,高新万达路侧停车段,3,0,0,0
2026-06-25,22,城关区,1,市民中心地下停车场,6,0,0,0
2026-06-25,22,江南区,2,滨江路立体停车楼,4,0,0,0
2026-06-25,22,高新区,3,高新万达路侧停车段,3,0,0,0
2026-06-25,23,城关区,1,市民中心地下停车场,6,0,0,0
2026-06-25,23,江南区,2,滨江路立体停车楼,4,0,0,0
2026-06-25,23,高新区,3,高新万达路侧停车段,3,0,0,0
2026-06-26,0,城关区,1,市民中心地下停车场,6,0,0,0
2026-06-26,0,江南区,2,滨江路立体停车楼,4,0,0,0
2026-06-26,0,高新区,3,高新万达路侧停车段,3,0,0,0
2026-06-26,1,城关区,1,市民中心地下停车场,6,0,0,0
2026-06-26,1,江南区,2,滨江路立体停车楼,4,0,0,0
2026-06-26,1,高新区,3,高新万达路侧停车段,3,0,0,0
2026-06-26,2,城关区,1,市民中心地下停车场,6,0,0,0
2026-06-26,2,江南区,2,滨江路立体停车楼,4,0,0,0
2026-06-26,2,高新区,3,高新万达路侧停车段,3,0,0,0
2026-06-26,3,城关区,1,市民中心地下停车场,6,0,0,0
2026-06-26,3,江南区,2,滨江路立体停车楼,4,0,0,0
2026-06-26,3,高新区,3,高新万达路侧停车段,3,0,0,0
2026-06-26,4,城关区,1,市民中心地下停车场,6,0,0,0
2026-06-26,4,江南区,2,滨江路立体停车楼,4,0,0,0
2026-06-26,4,高新区,3,高新万达路侧停车段,3,0,0,0
2026-06-26,5,城关区,1,市民中心地下停车场,6,0,0,0
2026-06-26,5,江南区,2,滨江路立体停车楼,4,0,0,0
2026-06-26,5,高新区,3,高新万达路侧停车段,3,0,0,0
2026-06-26,6,城关区,1,市民中心地下停车场,6,0,0,0
2026-06-26,6,江南区,2,滨江路立体停车楼,4,0,0,0
2026-06-26,6,高新区,3,高新万达路侧停车段,3,0,0,0
2026-06-26,7,城关区,1,市民中心地下停车场,6,0,0,0
2026-06-26,7,江南区,2,滨江路立体停车楼,4,0,0,0
2026-06-26,7,高新区,3,高新万达路侧停车段,3,0,0,0
2026-06-26,8,城关区,1,市民中心地下停车场,6,0,0,0
2026-06-26,8,江南区,2,滨江路立体停车楼,4,0,0,0
2026-06-26,8,高新区,3,高新万达路侧停车段,3,0,0,0
2026-06-26,9,城关区,1,市民中心地下停车场,6,0,0,0
2026-06-26,9,江南区,2,滨江路立体停车楼,4,0,0,0
2026-06-26,9,高新区,3,高新万达路侧停车段,3,0,0,0
2026-06-26,10,城关区,1,市民中心地下停车场,6,0,0,0
2026-06-26,10,江南区,2,滨江路立体停车楼,4,0,0,0
2026-06-26,10,高新区,3,高新万达路侧停车段,3,0,0,0
2026-06-26,11,城关区,1,市民中心地下停车场,6,0,0,0
2026-06-26,11,江南区,2,滨江路立体停车楼,4,0,0,0
2026-06-26,11,高新区,3,高新万达路侧停车段,3,0,0,0
2026-06-26,12,城关区,1,市民中心地下停车场,6,0,0,0
2026-06-26,12,江南区,2,滨江路立体停车楼,4,0,0,0
2026-06-26,12,高新区,3,高新万达路侧停车段,3,0,0,0
2026-06-26,13,城关区,1,市民中心地下停车场,6,0,0,0
2026-06-26,13,江南区,2,滨江路立体停车楼,4,0,0,0
2026-06-26,13,高新区,3,高新万达路侧停车段,3,0,0,0
2026-06-26,14,城关区,1,市民中心地下停车场,6,0,0,0
2026-06-26,14,江南区,2,滨江路立体停车楼,4,0,0,0
2026-06-26,14,高新区,3,高新万达路侧停车段,3,0,0,0
2026-06-26,15,城关区,1,市民中心地下停车场,6,0,0,0
2026-06-26,15,江南区,2,滨江路立体停车楼,4,0,0,0
2026-06-26,15,高新区,3,高新万达路侧停车段,3,0,0,0
2026-06-26,16,城关区,1,市民中心地下停车场,6,0,0,0
2026-06-26,16,江南区,2,滨江路立体停车楼,4,0,0,0
2026-06-26,16,高新区,3,高新万达路侧停车段,3,0,0,0
2026-06-26,17,城关区,1,市民中心地下停车场,6,0,0,0
2026-06-26,17,江南区,2,滨江路立体停车楼,4,0,0,0
2026-06-26,17,高新区,3,高新万达路侧停车段,3,0,0,0
2026-06-26,18,城关区,1,市民中心地下停车场,6,0,0,0
2026-06-26,18,江南区,2,滨江路立体停车楼,4,0,0,0
2026-06-26,18,高新区,3,高新万达路侧停车段,3,0,0,0
2026-06-26,19,城关区,1,市民中心地下停车场,6,0,0,0
2026-06-26,19,江南区,2,滨江路立体停车楼,4,0,0,0
2026-06-26,19,高新区,3,高新万达路侧停车段,3,0,0,0
2026-06-26,20,城关区,1,市民中心地下停车场,6,0,0,0
2026-06-26,20,江南区,2,滨江路立体停车楼,4,0,0,0
2026-06-26,20,高新区,3,高新万达路侧停车段,3,0,0,0
2026-06-26,21,城关区,1,市民中心地下停车场,6,0,0,0
2026-06-26,21,江南区,2,滨江路立体停车楼,4,0,0,0
2026-06-26,21,高新区,3,高新万达路侧停车段,3,0,0,0
2026-06-26,22,城关区,1,市民中心地下停车场,6,0,0,0
2026-06-26,22,江南区,2,滨江路立体停车楼,4,0,0,0
2026-06-26,22,高新区,3,高新万达路侧停车段,3,0,0,0
2026-06-26,23,城关区,1,市民中心地下停车场,6,0,0,0
2026-06-26,23,江南区,2,滨江路立体停车楼,4,0,0,0
2026-06-26,23,高新区,3,高新万达路侧停车段,3,0,0,0
2026-06-27,0,城关区,1,市民中心地下停车场,6,0,0,0
2026-06-27,0,江南区,2,滨江路立体停车楼,4,0,0,0
2026-06-27,0,高新区,3,高新万达路侧停车段,3,0,0,0
2026-06-27,1,城关区,1,市民中心地下停车场,6,0,0,0
2026-06-27,1,江南区,2,滨江路立体停车楼,4,0,0,0
2026-06-27,1,高新区,3,高新万达路侧停车段,3,0,0,0
2026-06-27,2,城关区,1,市民中心地下停车场,6,0,0,0
2026-06-27,2,江南区,2,滨江路立体停车楼,4,0,0,0
2026-06-27,2,高新区,3,高新万达路侧停车段,3,0,0,0
2026-06-27,3,城关区,1,市民中心地下停车场,6,0,0,0
2026-06-27,3,江南区,2,滨江路立体停车楼,4,0,0,0
2026-06-27,3,高新区,3,高新万达路侧停车段,3,0,0,0
2026-06-27,4,城关区,1,市民中心地下停车场,6,0,0,0
2026-06-27,4,江南区,2,滨江路立体停车楼,4,0,0,0
2026-06-27,4,高新区,3,高新万达路侧停车段,3,0,0,0
2026-06-27,5,城关区,1,市民中心地下停车场,6,0,0,0
2026-06-27,5,江南区,2,滨江路立体停车楼,4,0,0,0
2026-06-27,5,高新区,3,高新万达路侧停车段,3,0,0,0
2026-06-27,6,城关区,1,市民中心地下停车场,6,0,0,0
2026-06-27,6,江南区,2,滨江路立体停车楼,4,0,0,0
2026-06-27,6,高新区,3,高新万达路侧停车段,3,0,0,0
2026-06-27,7,城关区,1,市民中心地下停车场,6,0,0,0
2026-06-27,7,江南区,2,滨江路立体停车楼,4,0,0,0
2026-06-27,7,高新区,3,高新万达路侧停车段,3,0,0,0
2026-06-27,8,城关区,1,市民中心地下停车场,6,0,0,0
2026-06-27,8,江南区,2,滨江路立体停车楼,4,0,0,0
2026-06-27,8,高新区,3,高新万达路侧停车段,3,0,0,0
2026-06-27,9,城关区,1,市民中心地下停车场,6,0,0,0
2026-06-27,9,江南区,2,滨江路立体停车楼,4,0,0,0
2026-06-27,9,高新区,3,高新万达路侧停车段,3,0,0,0
2026-06-27,10,城关区,1,市民中心地下停车场,6,0,0,0
2026-06-27,10,江南区,2,滨江路立体停车楼,4,0,0,0
2026-06-27,10,高新区,3,高新万达路侧停车段,3,0,0,0
2026-06-27,11,城关区,1,市民中心地下停车场,6,0,0,0
2026-06-27,11,江南区,2,滨江路立体停车楼,4,0,0,0
2026-06-27,11,高新区,3,高新万达路侧停车段,3,0,0,0
2026-06-27,12,城关区,1,市民中心地下停车场,6,0,0,0
2026-06-27,12,江南区,2,滨江路立体停车楼,4,0,0,0
2026-06-27,12,高新区,3,高新万达路侧停车段,3,0,0,0
2026-06-27,13,城关区,1,市民中心地下停车场,6,0,0,0
2026-06-27,13,江南区,2,滨江路立体停车楼,4,0,0,0
2026-06-27,13,高新区,3,高新万达路侧停车段,3,0,0,0
2026-06-27,14,城关区,1,市民中心地下停车场,6,0,0,0
2026-06-27,14,江南区,2,滨江路立体停车楼,4,0,0,0
2026-06-27,14,高新区,3,高新万达路侧停车段,3,0,0,0
2026-06-27,15,城关区,1,市民中心地下停车场,6,0,0,0
2026-06-27,15,江南区,2,滨江路立体停车楼,4,0,0,0
2026-06-27,15,高新区,3,高新万达路侧停车段,3,0,0,0
2026-06-27,16,城关区,1,市民中心地下停车场,6,0,0,0
2026-06-27,16,江南区,2,滨江路立体停车楼,4,0,0,0
2026-06-27,16,高新区,3,高新万达路侧停车段,3,0,0,0
2026-06-27,17,城关区,1,市民中心地下停车场,6,0,0,0
2026-06-27,17,江南区,2,滨江路立体停车楼,4,0,0,0
2026-06-27,17,高新区,3,高新万达路侧停车段,3,0,0,0
2026-06-27,18,城关区,1,市民中心地下停车场,6,0,0,0
2026-06-27,18,江南区,2,滨江路立体停车楼,4,0,0,0
2026-06-27,18,高新区,3,高新万达路侧停车段,3,0,0,0
2026-06-27,19,城关区,1,市民中心地下停车场,6,0,0,0
2026-06-27,19,江南区,2,滨江路立体停车楼,4,0,0,0
2026-06-27,19,高新区,3,高新万达路侧停车段,3,0,0,0
2026-06-27,20,城关区,1,市民中心地下停车场,6,0,0,0
2026-06-27,20,江南区,2,滨江路立体停车楼,4,0,0,0
2026-06-27,20,高新区,3,高新万达路侧停车段,3,0,0,0
2026-06-27,21,城关区,1,市民中心地下停车场,6,0,0,0
2026-06-27,21,江南区,2,滨江路立体停车楼,4,0,0,0
2026-06-27,21,高新区,3,高新万达路侧停车段,3,0,0,0
2026-06-27,22,城关区,1,市民中心地下停车场,6,0,0,0
2026-06-27,22,江南区,2,滨江路立体停车楼,4,0,0,0
2026-06-27,22,高新区,3,高新万达路侧停车段,3,0,0,0
2026-06-27,23,城关区,1,市民中心地下停车场,6,0,0,0
2026-06-27,23,江南区,2,滨江路立体停车楼,4,0,0,0
2026-06-27,23,高新区,3,高新万达路侧停车段,3,0,0,0
2026-06-28,0,城关区,1,市民中心地下停车场,6,0,0,0
2026-06-28,0,江南区,2,滨江路立体停车楼,4,0,0,0
2026-06-28,0,高新区,3,高新万达路侧停车段,3,0,0,0
2026-06-28,1,城关区,1,市民中心地下停车场,6,0,0,0
2026-06-28,1,江南区,2,滨江路立体停车楼,4,0,0,0
2026-06-28,1,高新区,3,高新万达路侧停车段,3,0,0,0
2026-06-28,2,城关区,1,市民中心地下停车场,6,0,0,0
2026-06-28,2,江南区,2,滨江路立体停车楼,4,0,0,0
2026-06-28,2,高新区,3,高新万达路侧停车段,3,0,0,0
2026-06-28,3,城关区,1,市民中心地下停车场,6,0,0,0
2026-06-28,3,江南区,2,滨江路立体停车楼,4,0,0,0
2026-06-28,3,高新区,3,高新万达路侧停车段,3,0,0,0
2026-06-28,4,城关区,1,市民中心地下停车场,6,0,0,0
2026-06-28,4,江南区,2,滨江路立体停车楼,4,0,0,0
2026-06-28,4,高新区,3,高新万达路侧停车段,3,0,0,0
2026-06-28,5,城关区,1,市民中心地下停车场,6,0,0,0
2026-06-28,5,江南区,2,滨江路立体停车楼,4,0,0,0
2026-06-28,5,高新区,3,高新万达路侧停车段,3,0,0,0
2026-06-28,6,城关区,1,市民中心地下停车场,6,0,0,0
2026-06-28,6,江南区,2,滨江路立体停车楼,4,0,0,0
2026-06-28,6,高新区,3,高新万达路侧停车段,3,0,0,0
2026-06-28,7,城关区,1,市民中心地下停车场,6,0,0,0
2026-06-28,7,江南区,2,滨江路立体停车楼,4,0,0,0
2026-06-28,7,高新区,3,高新万达路侧停车段,3,0,0,0
2026-06-28,8,城关区,1,市民中心地下停车场,6,0,0,0
2026-06-28,8,江南区,2,滨江路立体停车楼,4,0,0,0
2026-06-28,8,高新区,3,高新万达路侧停车段,3,0,0,0
2026-06-28,9,城关区,1,市民中心地下停车场,6,0,0,0
2026-06-28,9,江南区,2,滨江路立体停车楼,4,0,0,0
2026-06-28,9,高新区,3,高新万达路侧停车段,3,0,0,0
2026-06-28,10,城关区,1,市民中心地下停车场,6,0,0,0
2026-06-28,10,江南区,2,滨江路立体停车楼,4,0,0,0
2026-06-28,10,高新区,3,高新万达路侧停车段,3,0,0,0
2026-06-28,11,城关区,1,市民中心地下停车场,6,0,0,0
2026-06-28,11,江南区,2,滨江路立体停车楼,4,0,0,0
2026-06-28,11,高新区,3,高新万达路侧停车段,3,0,0,0
2026-06-28,12,城关区,1,市民中心地下停车场,6,0,0,0
2026-06-28,12,江南区,2,滨江路立体停车楼,4,0,0,0
2026-06-28,12,高新区,3,高新万达路侧停车段,3,0,0,0
2026-06-28,13,城关区,1,市民中心地下停车场,6,0,0,0
2026-06-28,13,江南区,2,滨江路立体停车楼,4,0,0,0
2026-06-28,13,高新区,3,高新万达路侧停车段,3,0,0,0
2026-06-28,14,城关区,1,市民中心地下停车场,6,0,0,0
2026-06-28,14,江南区,2,滨江路立体停车楼,4,0,0,0
2026-06-28,14,高新区,3,高新万达路侧停车段,3,0,0,0
2026-06-28,15,城关区,1,市民中心地下停车场,6,0,0,0
2026-06-28,15,江南区,2,滨江路立体停车楼,4,0,0,0
2026-06-28,15,高新区,3,高新万达路侧停车段,3,0,0,0
2026-06-28,16,城关区,1,市民中心地下停车场,6,0,0,0
2026-06-28,16,江南区,2,滨江路立体停车楼,4,0,0,0
2026-06-28,16,高新区,3,高新万达路侧停车段,3,0,0,0
2026-06-28,17,城关区,1,市民中心地下停车场,6,0,0,0
2026-06-28,17,江南区,2,滨江路立体停车楼,4,0,0,0
2026-06-28,17,高新区,3,高新万达路侧停车段,3,0,0,0
2026-06-28,18,城关区,1,市民中心地下停车场,6,0,0,0
2026-06-28,18,江南区,2,滨江路立体停车楼,4,0,0,0
2026-06-28,18,高新区,3,高新万达路侧停车段,3,0,0,0
2026-06-28,19,城关区,1,市民中心地下停车场,6,0,0,0
2026-06-28,19,江南区,2,滨江路立体停车楼,4,0,0,0
2026-06-28,19,高新区,3,高新万达路侧停车段,3,0,0,0
2026-06-28,20,城关区,1,市民中心地下停车场,6,0,0,0
2026-06-28,20,江南区,2,滨江路立体停车楼,4,0,0,0
2026-06-28,20,高新区,3,高新万达路侧停车段,3,0,0,0
2026-06-28,21,城关区,1,市民中心地下停车场,6,0,0,0
2026-06-28,21,江南区,2,滨江路立体停车楼,4,0,0,0
2026-06-28,21,高新区,3,高新万达路侧停车段,3,0,0,0
2026-06-28,22,城关区,1,市民中心地下停车场,6,0,0,0
2026-06-28,22,江南区,2,滨江路立体停车楼,4,0,0,0
2026-06-28,22,高新区,3,高新万达路侧停车段,3,0,0,0
2026-06-28,23,城关区,1,市民中心地下停车场,6,0,0,0
2026-06-28,23,江南区,2,滨江路立体停车楼,4,0,0,0
2026-06-28,23,高新区,3,高新万达路侧停车段,3,0,0,0
2026-06-29,0,城关区,1,市民中心地下停车场,6,0,0,0
2026-06-29,0,江南区,2,滨江路立体停车楼,4,0,0,0
2026-06-29,0,高新区,3,高新万达路侧停车段,3,0,0,0
2026-06-29,1,城关区,1,市民中心地下停车场,6,0,0,0
2026-06-29,1,江南区,2,滨江路立体停车楼,4,0,0,0
2026-06-29,1,高新区,3,高新万达路侧停车段,3,0,0,0
2026-06-29,2,城关区,1,市民中心地下停车场,6,0,0,0
2026-06-29,2,江南区,2,滨江路立体停车楼,4,0,0,0
2026-06-29,2,高新区,3,高新万达路侧停车段,3,0,0,0
2026-06-29,3,城关区,1,市民中心地下停车场,6,0,0,0
2026-06-29,3,江南区,2,滨江路立体停车楼,4,0,0,0
2026-06-29,3,高新区,3,高新万达路侧停车段,3,0,0,0
2026-06-29,4,城关区,1,市民中心地下停车场,6,0,0,0
2026-06-29,4,江南区,2,滨江路立体停车楼,4,0,0,0
2026-06-29,4,高新区,3,高新万达路侧停车段,3,0,0,0
2026-06-29,5,城关区,1,市民中心地下停车场,6,0,0,0
2026-06-29,5,江南区,2,滨江路立体停车楼,4,0,0,0
2026-06-29,5,高新区,3,高新万达路侧停车段,3,0,0,0
2026-06-29,6,城关区,1,市民中心地下停车场,6,0,0,0
2026-06-29,6,江南区,2,滨江路立体停车楼,4,0,0,0
2026-06-29,6,高新区,3,高新万达路侧停车段,3,0,0,0
2026-06-29,7,城关区,1,市民中心地下停车场,6,0,0,0
2026-06-29,7,江南区,2,滨江路立体停车楼,4,0,0,0
2026-06-29,7,高新区,3,高新万达路侧停车段,3,0,0,0
2026-06-29,8,城关区,1,市民中心地下停车场,6,0,0,0
2026-06-29,8,江南区,2,滨江路立体停车楼,4,0,0,0
2026-06-29,8,高新区,3,高新万达路侧停车段,3,0,0,0
2026-06-29,9,城关区,1,市民中心地下停车场,6,0,0,0
2026-06-29,9,江南区,2,滨江路立体停车楼,4,0,0,0
2026-06-29,9,高新区,3,高新万达路侧停车段,3,0,0,0
2026-06-29,10,城关区,1,市民中心地下停车场,6,0,0,0
2026-06-29,10,江南区,2,滨江路立体停车楼,4,0,0,0
2026-06-29,10,高新区,3,高新万达路侧停车段,3,0,0,0
2026-06-29,11,城关区,1,市民中心地下停车场,6,0,0,0
2026-06-29,11,江南区,2,滨江路立体停车楼,4,0,0,0
2026-06-29,11,高新区,3,高新万达路侧停车段,3,0,0,0
2026-06-29,12,城关区,1,市民中心地下停车场,6,0,0,0
2026-06-29,12,江南区,2,滨江路立体停车楼,4,0,0,0
2026-06-29,12,高新区,3,高新万达路侧停车段,3,0,0,0
2026-06-29,13,城关区,1,市民中心地下停车场,6,0,0,0
2026-06-29,13,江南区,2,滨江路立体停车楼,4,0,0,0
2026-06-29,13,高新区,3,高新万达路侧停车段,3,0,0,0
2026-06-29,14,城关区,1,市民中心地下停车场,6,0,0,0
2026-06-29,14,江南区,2,滨江路立体停车楼,4,0,0,0
2026-06-29,14,高新区,3,高新万达路侧停车段,3,0,0,0
2026-06-29,15,城关区,1,市民中心地下停车场,6,0,0,0
2026-06-29,15,江南区,2,滨江路立体停车楼,4,0,0,0
2026-06-29,15,高新区,3,高新万达路侧停车段,3,0,0,0
2026-06-29,16,城关区,1,市民中心地下停车场,6,0,0,0
2026-06-29,16,江南区,2,滨江路立体停车楼,4,0,0,0
2026-06-29,16,高新区,3,高新万达路侧停车段,3,0,0,0
2026-06-29,17,城关区,1,市民中心地下停车场,6,0,0,0
2026-06-29,17,江南区,2,滨江路立体停车楼,4,0,0,0
2026-06-29,17,高新区,3,高新万达路侧停车段,3,0,0,0
2026-06-29,18,城关区,1,市民中心地下停车场,6,0,0,0
2026-06-29,18,江南区,2,滨江路立体停车楼,4,0,0,0
2026-06-29,18,高新区,3,高新万达路侧停车段,3,0,0,0
2026-06-29,19,城关区,1,市民中心地下停车场,6,0,0,0
2026-06-29,19,江南区,2,滨江路立体停车楼,4,0,0,0
2026-06-29,19,高新区,3,高新万达路侧停车段,3,0,0,0
2026-06-29,20,城关区,1,市民中心地下停车场,6,0,0,0
2026-06-29,20,江南区,2,滨江路立体停车楼,4,0,0,0
2026-06-29,20,高新区,3,高新万达路侧停车段,3,0,0,0
2026-06-29,21,城关区,1,市民中心地下停车场,6,0,0,0
2026-06-29,21,江南区,2,滨江路立体停车楼,4,0,0,0
2026-06-29,21,高新区,3,高新万达路侧停车段,3,0,0,0
2026-06-29,22,城关区,1,市民中心地下停车场,6,0,0,0
2026-06-29,22,江南区,2,滨江路立体停车楼,4,0,0,0
2026-06-29,22,高新区,3,高新万达路侧停车段,3,0,0,0
2026-06-29,23,城关区,1,市民中心地下停车场,6,0,0,0
2026-06-29,23,江南区,2,滨江路立体停车楼,4,0,0,0
2026-06-29,23,高新区,3,高新万达路侧停车段,3,0,0,0
2026-06-30,0,城关区,1,市民中心地下停车场,6,0,0,0
2026-06-30,0,江南区,2,滨江路立体停车楼,4,0,0,0
2026-06-30,0,高新区,3,高新万达路侧停车段,3,0,0,0
2026-06-30,1,城关区,1,市民中心地下停车场,6,0,0,0
2026-06-30,1,江南区,2,滨江路立体停车楼,4,0,0,0
2026-06-30,1,高新区,3,高新万达路侧停车段,3,0,0,0
2026-06-30,2,城关区,1,市民中心地下停车场,6,0,0,0
2026-06-30,2,江南区,2,滨江路立体停车楼,4,0,0,0
2026-06-30,2,高新区,3,高新万达路侧停车段,3,0,0,0
2026-06-30,3,城关区,1,市民中心地下停车场,6,0,0,0
2026-06-30,3,江南区,2,滨江路立体停车楼,4,0,0,0
2026-06-30,3,高新区,3,高新万达路侧停车段,3,0,0,0
2026-06-30,4,城关区,1,市民中心地下停车场,6,0,0,0
2026-06-30,4,江南区,2,滨江路立体停车楼,4,0,0,0
2026-06-30,4,高新区,3,高新万达路侧停车段,3,0,0,0
2026-06-30,5,城关区,1,市民中心地下停车场,6,0,0,0
2026-06-30,5,江南区,2,滨江路立体停车楼,4,0,0,0
2026-06-30,5,高新区,3,高新万达路侧停车段,3,0,0,0
2026-06-30,6,城关区,1,市民中心地下停车场,6,0,0,0
2026-06-30,6,江南区,2,滨江路立体停车楼,4,0,0,0
2026-06-30,6,高新区,3,高新万达路侧停车段,3,0,0,0
2026-06-30,7,城关区,1,市民中心地下停车场,6,0,0,0
2026-06-30,7,江南区,2,滨江路立体停车楼,4,0,0,0
2026-06-30,7,高新区,3,高新万达路侧停车段,3,0,0,0
2026-06-30,8,城关区,1,市民中心地下停车场,6,0,0,0
2026-06-30,8,江南区,2,滨江路立体停车楼,4,0,0,0
2026-06-30,8,高新区,3,高新万达路侧停车段,3,0,0,0
2026-06-30,9,城关区,1,市民中心地下停车场,6,0,0,0
2026-06-30,9,江南区,2,滨江路立体停车楼,4,0,0,0
2026-06-30,9,高新区,3,高新万达路侧停车段,3,0,0,0
2026-06-30,10,城关区,1,市民中心地下停车场,6,0,0,0
2026-06-30,10,江南区,2,滨江路立体停车楼,4,0,0,0
2026-06-30,10,高新区,3,高新万达路侧停车段,3,0,0,0
2026-06-30,11,城关区,1,市民中心地下停车场,6,0,0,0
2026-06-30,11,江南区,2,滨江路立体停车楼,4,0,0,0
2026-06-30,11,高新区,3,高新万达路侧停车段,3,0,0,0
2026-06-30,12,城关区,1,市民中心地下停车场,6,0,0,0
2026-06-30,12,江南区,2,滨江路立体停车楼,4,0,0,0
2026-06-30,12,高新区,3,高新万达路侧停车段,3,0,0,0
2026-06-30,13,城关区,1,市民中心地下停车场,6,0,0,0
2026-06-30,13,江南区,2,滨江路立体停车楼,4,0,0,0
2026-06-30,13,高新区,3,高新万达路侧停车段,3,0,0,0
2026-06-30,14,城关区,1,市民中心地下停车场,6,0,0,0
2026-06-30,14,江南区,2,滨江路立体停车楼,4,0,0,0
2026-06-30,14,高新区,3,高新万达路侧停车段,3,0,0,0
2026-06-30,15,城关区,1,市民中心地下停车场,6,0,0,0
2026-06-30,15,江南区,2,滨江路立体停车楼,4,0,0,0
2026-06-30,15,高新区,3,高新万达路侧停车段,3,0,0,0
2026-06-30,16,城关区,1,市民中心地下停车场,6,0,0,0
2026-06-30,16,江南区,2,滨江路立体停车楼,4,0,0,0
2026-06-30,16,高新区,3,高新万达路侧停车段,3,0,0,0
2026-06-30,17,城关区,1,市民中心地下停车场,6,0,0,0
2026-06-30,17,江南区,2,滨江路立体停车楼,4,0,0,0
2026-06-30,17,高新区,3,高新万达路侧停车段,3,0,0,0
2026-06-30,18,城关区,1,市民中心地下停车场,6,0,0,0
2026-06-30,18,江南区,2,滨江路立体停车楼,4,0,0,0
2026-06-30,18,高新区,3,高新万达路侧停车段,3,0,0,0
2026-06-30,19,城关区,1,市民中心地下停车场,6,0,0,0
2026-06-30,19,江南区,2,滨江路立体停车楼,4,0,0,0
2026-06-30,19,高新区,3,高新万达路侧停车段,3,0,0,0
2026-06-30,20,城关区,1,市民中心地下停车场,6,0,0,0
2026-06-30,20,江南区,2,滨江路立体停车楼,4,0,0,0
2026-06-30,20,高新区,3,高新万达路侧停车段,3,0,0,0
2026-06-30,21,城关区,1,市民中心地下停车场,6,0,0,0
2026-06-30,21,江南区,2,滨江路立体停车楼,4,0,0,0
2026-06-30,21,高新区,3,高新万达路侧停车段,3,0,0,0
2026-06-30,22,城关区,1,市民中心地下停车场,6,0,0,0
2026-06-30,22,江南区,2,滨江路立体停车楼,4,0,0,0
2026-06-30,22,高新区,3,高新万达路侧停车段,3,0,0,0
2026-06-30,23,城关区,1,市民中心地下停车场,6,0,0,0
2026-06-30,23,江南区,2,滨江路立体停车楼,4,0,0,0
2026-06-30,23,高新区,3,高新万达路侧停车段,3,0,0,0
